Local Date, Local Time,Speed
01/03/2014,0:00:00,83.45
01/03/2014,0:15:00,83.82
01/03/2014,0:30:00,84.83
01/03/2014,0:45:00,84.57
01/03/2014,1:00:00,86.48
01/03/2014,1:15:00,83.52
01/03/2014,1:30:00,84.42
01/03/2014,1:45:00,81.99
01/03/2014,2:00:00,83.97
01/03/2014,2:15:00,85.81
01/03/2014,2:30:00,82.42
01/03/2014,2:45:00,83.97
01/03/2014,3:00:00,83.3
01/03/2014,3:15:00,82.42
01/03/2014,3:30:00,83.52
01/03/2014,3:45:00,83.97
01/03/2014,4:00:00,84.42
01/03/2014,4:15:00,84.83
01/03/2014,4:30:00,84.53
01/03/2014,4:45:00,85.75
01/03/2014,5:00:00,83.75
01/03/2014,5:15:00,83.18
01/03/2014,5:30:00,85.51
01/03/2014,5:45:00,83.09
01/03/2014,6:00:00,82.99
01/03/2014,6:15:00,84.12
01/03/2014,6:30:00,83.59
01/03/2014,6:45:00,83.17
01/03/2014,7:00:00,82.79
01/03/2014,7:15:00,82
01/03/2014,7:30:00,82.69
01/03/2014,7:45:00,81.45
01/03/2014,8:00:00,81.69
01/03/2014,8:15:00,81.22
01/03/2014,8:30:00,81.38
01/03/2014,8:45:00,80.05
01/03/2014,9:00:00,80.25
01/03/2014,9:15:00,80.81
01/03/2014,9:30:00,80.32
01/03/2014,9:45:00,80.02
01/03/2014,10:00:00,79.54
01/03/2014,10:15:00,79.29
01/03/2014,10:30:00,79.7
01/03/2014,10:45:00,78.94
01/03/2014,11:00:00,78.39
01/03/2014,11:15:00,78.97
01/03/2014,11:30:00,79.45
01/03/2014,11:45:00,78.87
01/03/2014,12:00:00,78.97
01/03/2014,12:15:00,79.15
01/03/2014,12:30:00,79.18
01/03/2014,12:45:00,79.27
01/03/2014,13:00:00,80.55
01/03/2014,13:15:00,80.4
01/03/2014,13:30:00,80.48
01/03/2014,13:45:00,79.48
01/03/2014,14:00:00,79.99
01/03/2014,14:15:00,80.35
01/03/2014,14:30:00,80.52
01/03/2014,14:45:00,80.71
01/03/2014,15:00:00,80.28
01/03/2014,15:15:00,80.98
01/03/2014,15:30:00,80.31
01/03/2014,15:45:00,81.72
01/03/2014,16:00:00,80.28
01/03/2014,16:15:00,80.88
01/03/2014,16:30:00,81.81
01/03/2014,16:45:00,80.88
01/03/2014,17:00:00,80.63
01/03/2014,17:15:00,80
01/03/2014,17:30:00,79.38
01/03/2014,17:45:00,80.14
01/03/2014,18:00:00,80.09
01/03/2014,18:15:00,80.51
01/03/2014,18:30:00,80.29
01/03/2014,18:45:00,80.49
01/03/2014,19:00:00,81.05
01/03/2014,19:15:00,81.13
01/03/2014,19:30:00,81.62
01/03/2014,19:45:00,81.59
01/03/2014,20:00:00,80.65
01/03/2014,20:15:00,81.26
01/03/2014,20:30:00,81.36
01/03/2014,20:45:00,83.22
01/03/2014,21:00:00,82.01
01/03/2014,21:15:00,81.26
01/03/2014,21:30:00,82.96
01/03/2014,21:45:00,82.96
01/03/2014,22:00:00,81.63
01/03/2014,22:15:00,81.87
01/03/2014,22:30:00,83.07
01/03/2014,22:45:00,82.11
01/03/2014,23:00:00,83.19
01/03/2014,23:15:00,81.93
01/03/2014,23:30:00,82.19
01/03/2014,23:45:00,81.76
02/03/2014,0:00:00,83.07
02/03/2014,0:15:00,85.94
02/03/2014,0:30:00,84.46
02/03/2014,0:45:00,86.45
02/03/2014,1:00:00,83.74
02/03/2014,1:15:00,85.86
02/03/2014,1:30:00,80.51
02/03/2014,1:45:00,86.76
02/03/2014,2:00:00,84.65
02/03/2014,2:15:00,79.69
02/03/2014,2:30:00,80.93
02/03/2014,2:45:00,82.64
02/03/2014,3:00:00,82.64
02/03/2014,3:15:00,83.3
02/03/2014,3:30:00,85.11
02/03/2014,3:45:00,82.64
02/03/2014,4:00:00,84.19
02/03/2014,4:15:00,84.42
02/03/2014,4:30:00,85.11
02/03/2014,4:45:00,83.3
02/03/2014,5:00:00,85.57
02/03/2014,5:15:00,86.6
02/03/2014,5:30:00,83.15
02/03/2014,5:45:00,84.87
02/03/2014,6:00:00,83.18
02/03/2014,6:15:00,81.63
02/03/2014,6:30:00,83.05
02/03/2014,6:45:00,82.48
02/03/2014,7:00:00,82.02
02/03/2014,7:15:00,82.46
02/03/2014,7:30:00,82.22
02/03/2014,7:45:00,80.92
02/03/2014,8:00:00,81.48
02/03/2014,8:15:00,80.63
02/03/2014,8:30:00,81.53
02/03/2014,8:45:00,81.05
02/03/2014,9:00:00,80.9
02/03/2014,9:15:00,81.91
02/03/2014,9:30:00,81.34
02/03/2014,9:45:00,80.68
02/03/2014,10:00:00,80.89
02/03/2014,10:15:00,80.42
02/03/2014,10:30:00,80.39
02/03/2014,10:45:00,79.95
02/03/2014,11:00:00,79.68
02/03/2014,11:15:00,79.95
02/03/2014,11:30:00,80.24
02/03/2014,11:45:00,79.62
02/03/2014,12:00:00,80.32
02/03/2014,12:15:00,79.78
02/03/2014,12:30:00,79.78
02/03/2014,12:45:00,79.89
02/03/2014,13:00:00,80.57
02/03/2014,13:15:00,79.52
02/03/2014,13:30:00,79.63
02/03/2014,13:45:00,79.02
02/03/2014,14:00:00,78.91
02/03/2014,14:15:00,77.83
02/03/2014,14:30:00,72.42
02/03/2014,14:45:00,64.35
02/03/2014,15:00:00,77.12
02/03/2014,15:15:00,78.87
02/03/2014,15:30:00,79.04
02/03/2014,15:45:00,78.44
02/03/2014,16:00:00,78.61
02/03/2014,16:15:00,78.14
02/03/2014,16:30:00,77.69
02/03/2014,16:45:00,77.42
02/03/2014,17:00:00,77.92
02/03/2014,17:15:00,77.34
02/03/2014,17:30:00,78.15
02/03/2014,17:45:00,77.29
02/03/2014,18:00:00,76.37
02/03/2014,18:15:00,76.85
02/03/2014,18:30:00,77.69
02/03/2014,18:45:00,77.86
02/03/2014,19:00:00,77.6
02/03/2014,19:15:00,77.67
02/03/2014,19:30:00,78.47
02/03/2014,19:45:00,79.09
02/03/2014,20:00:00,79.86
02/03/2014,20:15:00,78.92
02/03/2014,20:30:00,79.86
02/03/2014,20:45:00,79.9
02/03/2014,21:00:00,80.74
02/03/2014,21:15:00,80.79
02/03/2014,21:30:00,80.43
02/03/2014,21:45:00,81.01
02/03/2014,22:00:00,81.4
02/03/2014,22:15:00,81.85
02/03/2014,22:30:00,82.69
02/03/2014,22:45:00,82.24
02/03/2014,23:00:00,82.78
02/03/2014,23:15:00,82.59
02/03/2014,23:30:00,85.22
02/03/2014,23:45:00,86.41
03/03/2014,0:00:00,82.74
03/03/2014,0:15:00,84.65
03/03/2014,0:30:00,82.69
03/03/2014,0:45:00,81.66
03/03/2014,1:00:00,81.56
03/03/2014,1:15:00,83.3
03/03/2014,1:30:00,81.35
03/03/2014,1:45:00,83.27
03/03/2014,2:00:00,83.97
03/03/2014,2:15:00,80.72
03/03/2014,2:30:00,85.11
03/03/2014,2:45:00,83.94
03/03/2014,3:00:00,83.74
03/03/2014,3:15:00,84.42
03/03/2014,3:30:00,83.06
03/03/2014,3:45:00,83.86
03/03/2014,4:00:00,83.41
03/03/2014,4:15:00,82.49
03/03/2014,4:30:00,81.72
03/03/2014,4:45:00,82
03/03/2014,5:00:00,81.57
03/03/2014,5:15:00,80.68
03/03/2014,5:30:00,80.45
03/03/2014,5:45:00,77.03
03/03/2014,6:00:00,47.44
03/03/2014,6:15:00,28.87
03/03/2014,6:30:00,23.55
03/03/2014,6:45:00,25.81
03/03/2014,7:00:00,26.01
03/03/2014,7:15:00,26.11
03/03/2014,7:30:00,27.91
03/03/2014,7:45:00,26.58
03/03/2014,8:00:00,28.89
03/03/2014,8:15:00,29.67
03/03/2014,8:30:00,30.41
03/03/2014,8:45:00,33.19
03/03/2014,9:00:00,33.56
03/03/2014,9:15:00,38.1
03/03/2014,9:30:00,53.01
03/03/2014,9:45:00,66.45
03/03/2014,10:00:00,53.25
03/03/2014,10:15:00,66.36
03/03/2014,10:30:00,77.49
03/03/2014,10:45:00,80.26
03/03/2014,11:00:00,79.94
03/03/2014,11:15:00,79.86
03/03/2014,11:30:00,80.01
03/03/2014,11:45:00,79.9
03/03/2014,12:00:00,80.32
03/03/2014,12:15:00,80.59
03/03/2014,12:30:00,80.34
03/03/2014,12:45:00,80.4
03/03/2014,13:00:00,79.98
03/03/2014,13:15:00,80.45
03/03/2014,13:30:00,80.35
03/03/2014,13:45:00,80.17
03/03/2014,14:00:00,80.69
03/03/2014,14:15:00,80.27
03/03/2014,14:30:00,78.83
03/03/2014,14:45:00,80.07
03/03/2014,15:00:00,79.9
03/03/2014,15:15:00,80.17
03/03/2014,15:30:00,80.39
03/03/2014,15:45:00,79.4
03/03/2014,16:00:00,79.49
03/03/2014,16:15:00,79.14
03/03/2014,16:30:00,78.98
03/03/2014,16:45:00,79.69
03/03/2014,17:00:00,79.32
03/03/2014,17:15:00,79.56
03/03/2014,17:30:00,79.39
03/03/2014,17:45:00,80
03/03/2014,18:00:00,80.39
03/03/2014,18:15:00,79.94
03/03/2014,18:30:00,80.33
03/03/2014,18:45:00,80.74
03/03/2014,19:00:00,81.28
03/03/2014,19:15:00,81.88
03/03/2014,19:30:00,82.31
03/03/2014,19:45:00,81.46
03/03/2014,20:00:00,83.64
03/03/2014,20:15:00,82.75
03/03/2014,20:30:00,82.4
03/03/2014,20:45:00,83.16
03/03/2014,21:00:00,82.76
03/03/2014,21:15:00,81.51
03/03/2014,21:30:00,83.12
03/03/2014,21:45:00,82.78
03/03/2014,22:00:00,83.47
03/03/2014,22:15:00,82.75
03/03/2014,22:30:00,82.19
03/03/2014,22:45:00,84.95
03/03/2014,23:00:00,85.45
03/03/2014,23:15:00,87.91
03/03/2014,23:30:00,84.5
03/03/2014,23:45:00,84.47
04/03/2014,0:00:00,86.43
04/03/2014,0:15:00,86.74
04/03/2014,0:30:00,86.76
04/03/2014,0:45:00,90.32
04/03/2014,1:00:00,86.8
04/03/2014,1:15:00,88
04/03/2014,1:30:00,88.44
04/03/2014,1:45:00,86.47
04/03/2014,2:00:00,86.55
04/03/2014,2:15:00,89.58
04/03/2014,2:30:00,89.35
04/03/2014,2:45:00,89.49
04/03/2014,3:00:00,88.69
04/03/2014,3:15:00,85.71
04/03/2014,3:30:00,83.48
04/03/2014,3:45:00,81.79
04/03/2014,4:00:00,85.57
04/03/2014,4:15:00,83.96
04/03/2014,4:30:00,81.71
04/03/2014,4:45:00,83.5
04/03/2014,5:00:00,83.56
04/03/2014,5:15:00,82.71
04/03/2014,5:30:00,81.25
04/03/2014,5:45:00,81.19
04/03/2014,6:00:00,80.27
04/03/2014,6:15:00,79.06
04/03/2014,6:30:00,78.71
04/03/2014,6:45:00,77.66
04/03/2014,7:00:00,78.58
04/03/2014,7:15:00,68.2
04/03/2014,7:30:00,46.22
04/03/2014,7:45:00,42.07
04/03/2014,8:00:00,47.37
04/03/2014,8:15:00,68.9
04/03/2014,8:30:00,56.15
04/03/2014,8:45:00,48.14
04/03/2014,9:00:00,60.81
04/03/2014,9:15:00,47.74
04/03/2014,9:30:00,35.65
04/03/2014,9:45:00,39.11
04/03/2014,10:00:00,49.17
04/03/2014,10:15:00,74.76
04/03/2014,10:30:00,80.14
04/03/2014,10:45:00,80.64
04/03/2014,11:00:00,79.97
04/03/2014,11:15:00,80.58
04/03/2014,11:30:00,80.33
04/03/2014,11:45:00,80.93
04/03/2014,12:00:00,80.04
04/03/2014,12:15:00,80.34
04/03/2014,12:30:00,80.68
04/03/2014,12:45:00,80.55
04/03/2014,13:00:00,79.95
04/03/2014,13:15:00,81.04
04/03/2014,13:30:00,80.16
04/03/2014,13:45:00,79.84
04/03/2014,14:00:00,80.28
04/03/2014,14:15:00,80.26
04/03/2014,14:30:00,80.59
04/03/2014,14:45:00,80.47
04/03/2014,15:00:00,80.14
04/03/2014,15:15:00,79.86
04/03/2014,15:30:00,80.11
04/03/2014,15:45:00,79.63
04/03/2014,16:00:00,79.53
04/03/2014,16:15:00,79.15
04/03/2014,16:30:00,79
04/03/2014,16:45:00,79.52
04/03/2014,17:00:00,78.69
04/03/2014,17:15:00,79.63
04/03/2014,17:30:00,79.5
04/03/2014,17:45:00,79.75
04/03/2014,18:00:00,80.22
04/03/2014,18:15:00,80.39
04/03/2014,18:30:00,80.84
04/03/2014,18:45:00,80.89
04/03/2014,19:00:00,81.83
04/03/2014,19:15:00,82.11
04/03/2014,19:30:00,81.68
04/03/2014,19:45:00,81.75
04/03/2014,20:00:00,83.3
04/03/2014,20:15:00,82.87
04/03/2014,20:30:00,83.03
04/03/2014,20:45:00,81.58
04/03/2014,21:00:00,82.49
04/03/2014,21:15:00,79.18
04/03/2014,21:30:00,82.41
04/03/2014,21:45:00,79.71
04/03/2014,22:00:00,79.85
04/03/2014,22:15:00,83.42
04/03/2014,22:30:00,81.35
04/03/2014,22:45:00,82.53
04/03/2014,23:00:00,80.09
04/03/2014,23:15:00,82.05
04/03/2014,23:30:00,83.13
04/03/2014,23:45:00,84.02
05/03/2014,0:00:00,79.4
05/03/2014,0:15:00,82.28
05/03/2014,0:30:00,81.29
05/03/2014,0:45:00,81.38
05/03/2014,1:00:00,82.56
05/03/2014,1:15:00,80.9
05/03/2014,1:30:00,79.97
05/03/2014,1:45:00,81.02
05/03/2014,2:00:00,76.15
05/03/2014,2:15:00,79.51
05/03/2014,2:30:00,79.84
05/03/2014,2:45:00,80.89
05/03/2014,3:00:00,79.23
05/03/2014,3:15:00,76.36
05/03/2014,3:30:00,79.62
05/03/2014,3:45:00,81.62
05/03/2014,4:00:00,86.79
05/03/2014,4:15:00,86.27
05/03/2014,4:30:00,85.22
05/03/2014,4:45:00,81.68
05/03/2014,5:00:00,78.69
05/03/2014,5:15:00,62.39
05/03/2014,5:30:00,65.65
05/03/2014,5:45:00,81.1
05/03/2014,6:00:00,80.54
05/03/2014,6:15:00,79.47
05/03/2014,6:30:00,79.84
05/03/2014,6:45:00,78.98
05/03/2014,7:00:00,78.5
05/03/2014,7:15:00,52.84
05/03/2014,7:30:00,43.06
05/03/2014,7:45:00,49.9
05/03/2014,8:00:00,69.7
05/03/2014,8:15:00,78.84
05/03/2014,8:30:00,79.61
05/03/2014,8:45:00,79.33
05/03/2014,9:00:00,79.98
05/03/2014,9:15:00,79.91
05/03/2014,9:30:00,79.66
05/03/2014,9:45:00,80.11
05/03/2014,10:00:00,79.92
05/03/2014,10:15:00,80.4
05/03/2014,10:30:00,80.79
05/03/2014,10:45:00,80.7
05/03/2014,11:00:00,77.35
05/03/2014,11:15:00,68.78
05/03/2014,11:30:00,64.42
05/03/2014,11:45:00,67.65
05/03/2014,12:00:00,80.32
05/03/2014,12:15:00,80.17
05/03/2014,12:30:00,80.32
05/03/2014,12:45:00,80.02
05/03/2014,13:00:00,79.67
05/03/2014,13:15:00,79.95
05/03/2014,13:30:00,85.28
05/03/2014,13:45:00,80.29
05/03/2014,14:00:00,79.82
05/03/2014,14:15:00,80.17
05/03/2014,14:30:00,80.21
05/03/2014,14:45:00,79.86
05/03/2014,15:00:00,79.58
05/03/2014,15:15:00,80.2
05/03/2014,15:30:00,79.19
05/03/2014,15:45:00,79.47
05/03/2014,16:00:00,79.52
05/03/2014,16:15:00,79.53
05/03/2014,16:30:00,78.1
05/03/2014,16:45:00,78.06
05/03/2014,17:00:00,78.17
05/03/2014,17:15:00,80.16
05/03/2014,17:30:00,78.85
05/03/2014,17:45:00,79.22
05/03/2014,18:00:00,79.08
05/03/2014,18:15:00,78.96
05/03/2014,18:30:00,80.12
05/03/2014,18:45:00,80.15
05/03/2014,19:00:00,80.97
05/03/2014,19:15:00,81.92
05/03/2014,19:30:00,82.36
05/03/2014,19:45:00,82.46
05/03/2014,20:00:00,81.9
05/03/2014,20:15:00,81.55
05/03/2014,20:30:00,81.29
05/03/2014,20:45:00,77.44
05/03/2014,21:00:00,79.81
05/03/2014,21:15:00,81.38
05/03/2014,21:30:00,80.25
05/03/2014,21:45:00,82.31
05/03/2014,22:00:00,84.67
05/03/2014,22:15:00,84.94
05/03/2014,22:30:00,81.07
05/03/2014,22:45:00,81.08
05/03/2014,23:00:00,85.13
05/03/2014,23:15:00,87.08
05/03/2014,23:30:00,89.51
05/03/2014,23:45:00,89.36
06/03/2014,0:00:00,87.01
06/03/2014,0:15:00,86.34
06/03/2014,0:30:00,91.07
06/03/2014,0:45:00,89.11
06/03/2014,1:00:00,92.49
06/03/2014,1:15:00,88.85
06/03/2014,1:30:00,88.92
06/03/2014,1:45:00,86.76
06/03/2014,2:00:00,89.65
06/03/2014,2:15:00,87.01
06/03/2014,2:30:00,90.58
06/03/2014,2:45:00,91.85
06/03/2014,3:00:00,88.49
06/03/2014,3:15:00,88.36
06/03/2014,3:30:00,91.24
06/03/2014,3:45:00,89.86
06/03/2014,4:00:00,89.62
06/03/2014,4:15:00,87.27
06/03/2014,4:30:00,83.94
06/03/2014,4:45:00,82.19
06/03/2014,5:00:00,80.75
06/03/2014,5:15:00,66.9
06/03/2014,5:30:00,66.22
06/03/2014,5:45:00,79.78
06/03/2014,6:00:00,80.18
06/03/2014,6:15:00,78.91
06/03/2014,6:30:00,78.47
06/03/2014,6:45:00,78.52
06/03/2014,7:00:00,78.89
06/03/2014,7:15:00,78.86
06/03/2014,7:30:00,50.71
06/03/2014,7:45:00,34.07
06/03/2014,8:00:00,33.08
06/03/2014,8:15:00,44.86
06/03/2014,8:30:00,66.31
06/03/2014,8:45:00,78.53
06/03/2014,9:00:00,79.93
06/03/2014,9:15:00,79.81
06/03/2014,9:30:00,80.26
06/03/2014,9:45:00,80.13
06/03/2014,10:00:00,80.4
06/03/2014,10:15:00,79.99
06/03/2014,10:30:00,80.17
06/03/2014,10:45:00,80.53
06/03/2014,11:00:00,80.06
06/03/2014,11:15:00,80.25
06/03/2014,11:30:00,79.81
06/03/2014,11:45:00,79.82
06/03/2014,12:00:00,80.39
06/03/2014,12:15:00,79.76
06/03/2014,12:30:00,79.02
06/03/2014,12:45:00,80.35
06/03/2014,13:00:00,79.45
06/03/2014,13:15:00,80.51
06/03/2014,13:30:00,79.5
06/03/2014,13:45:00,80.65
06/03/2014,14:00:00,79.74
06/03/2014,14:15:00,80.39
06/03/2014,14:30:00,80.1
06/03/2014,14:45:00,79.24
06/03/2014,15:00:00,79.64
06/03/2014,15:15:00,79.4
06/03/2014,15:30:00,79.5
06/03/2014,15:45:00,79.12
06/03/2014,16:00:00,78.23
06/03/2014,16:15:00,76.99
06/03/2014,16:30:00,77
06/03/2014,16:45:00,80.11
06/03/2014,17:00:00,79.22
06/03/2014,17:15:00,79.33
06/03/2014,17:30:00,79
06/03/2014,17:45:00,79.03
06/03/2014,18:00:00,79
06/03/2014,18:15:00,78.41
06/03/2014,18:30:00,78.2
06/03/2014,18:45:00,79.51
06/03/2014,19:00:00,80.49
06/03/2014,19:15:00,80.46
06/03/2014,19:30:00,81.27
06/03/2014,19:45:00,81.78
06/03/2014,20:00:00,82.08
06/03/2014,20:15:00,81.5
06/03/2014,20:30:00,81.76
06/03/2014,20:45:00,81.74
06/03/2014,21:00:00,81.86
06/03/2014,21:15:00,83.07
06/03/2014,21:30:00,82.86
06/03/2014,21:45:00,81.81
06/03/2014,22:00:00,85.63
06/03/2014,22:15:00,81.33
06/03/2014,22:30:00,83.54
06/03/2014,22:45:00,84.22
06/03/2014,23:00:00,86.54
06/03/2014,23:15:00,85.89
06/03/2014,23:30:00,86.62
06/03/2014,23:45:00,88.52
07/03/2014,0:00:00,86.61
07/03/2014,0:15:00,86.61
07/03/2014,0:30:00,84.63
07/03/2014,0:45:00,83.08
07/03/2014,1:00:00,83.3
07/03/2014,1:15:00,86.52
07/03/2014,1:30:00,83.3
07/03/2014,1:45:00,85.34
07/03/2014,2:00:00,82.64
07/03/2014,2:15:00,83.74
07/03/2014,2:30:00,84.65
07/03/2014,2:45:00,83.3
07/03/2014,3:00:00,83.74
07/03/2014,3:15:00,84.65
07/03/2014,3:30:00,84.37
07/03/2014,3:45:00,83.08
07/03/2014,4:00:00,81.99
07/03/2014,4:15:00,81.99
07/03/2014,4:30:00,82.05
07/03/2014,4:45:00,83.43
07/03/2014,5:00:00,81.87
07/03/2014,5:15:00,82.35
07/03/2014,5:30:00,81.66
07/03/2014,5:45:00,81.74
07/03/2014,6:00:00,80.66
07/03/2014,6:15:00,79.68
07/03/2014,6:30:00,79.5
07/03/2014,6:45:00,79.34
07/03/2014,7:00:00,79.16
07/03/2014,7:15:00,78.57
07/03/2014,7:30:00,79.26
07/03/2014,7:45:00,79.31
07/03/2014,8:00:00,78.66
07/03/2014,8:15:00,79.57
07/03/2014,8:30:00,80.01
07/03/2014,8:45:00,79.96
07/03/2014,9:00:00,79.71
07/03/2014,9:15:00,80.02
07/03/2014,9:30:00,80.57
07/03/2014,9:45:00,80.24
07/03/2014,10:00:00,79.77
07/03/2014,10:15:00,79.49
07/03/2014,10:30:00,80.08
07/03/2014,10:45:00,79.94
07/03/2014,11:00:00,79.62
07/03/2014,11:15:00,79.81
07/03/2014,11:30:00,79.81
07/03/2014,11:45:00,79.95
07/03/2014,12:00:00,80.07
07/03/2014,12:15:00,80.25
07/03/2014,12:30:00,78.96
07/03/2014,12:45:00,79.41
07/03/2014,13:00:00,79.74
07/03/2014,13:15:00,79.79
07/03/2014,13:30:00,79.38
07/03/2014,13:45:00,79.4
07/03/2014,14:00:00,78.99
07/03/2014,14:15:00,79.3
07/03/2014,14:30:00,79.36
07/03/2014,14:45:00,79.31
07/03/2014,15:00:00,79.09
07/03/2014,15:15:00,78.87
07/03/2014,15:30:00,78.65
07/03/2014,15:45:00,78.57
07/03/2014,16:00:00,79.04
07/03/2014,16:15:00,78.93
07/03/2014,16:30:00,77.61
07/03/2014,16:45:00,79.1
07/03/2014,17:00:00,78.62
07/03/2014,17:15:00,79.18
07/03/2014,17:30:00,79.27
07/03/2014,17:45:00,78.64
07/03/2014,18:00:00,79.05
07/03/2014,18:15:00,78.77
07/03/2014,18:30:00,79.56
07/03/2014,18:45:00,79.78
07/03/2014,19:00:00,80.43
07/03/2014,19:15:00,80.19
07/03/2014,19:30:00,80.77
07/03/2014,19:45:00,80.58
07/03/2014,20:00:00,81.18
07/03/2014,20:15:00,81.74
07/03/2014,20:30:00,80.75
07/03/2014,20:45:00,75.73
07/03/2014,21:00:00,65.12
07/03/2014,21:15:00,65.34
07/03/2014,21:30:00,76.65
07/03/2014,21:45:00,81.72
07/03/2014,22:00:00,84.84
07/03/2014,22:15:00,83.72
07/03/2014,22:30:00,82.75
07/03/2014,22:45:00,83.79
07/03/2014,23:00:00,84.05
07/03/2014,23:15:00,85.47
07/03/2014,23:30:00,84.3
07/03/2014,23:45:00,85.2
08/03/2014,0:00:00,85.45
08/03/2014,0:15:00,83.35
08/03/2014,0:30:00,84.65
08/03/2014,0:45:00,83.52
08/03/2014,1:00:00,85.34
08/03/2014,1:15:00,83.52
08/03/2014,1:30:00,85.11
08/03/2014,1:45:00,84.19
08/03/2014,2:00:00,85.81
08/03/2014,2:15:00,84.65
08/03/2014,2:30:00,80.93
08/03/2014,2:45:00,82.42
08/03/2014,3:00:00,85.03
08/03/2014,3:15:00,84.42
08/03/2014,3:30:00,84.42
08/03/2014,3:45:00,83.93
08/03/2014,4:00:00,84.19
08/03/2014,4:15:00,82.86
08/03/2014,4:30:00,82.62
08/03/2014,4:45:00,83.49
08/03/2014,5:00:00,82.87
08/03/2014,5:15:00,83.28
08/03/2014,5:30:00,83.09
08/03/2014,5:45:00,83.1
08/03/2014,6:00:00,83.94
08/03/2014,6:15:00,81.9
08/03/2014,6:30:00,82.62
08/03/2014,6:45:00,81.96
08/03/2014,7:00:00,82.38
08/03/2014,7:15:00,81.6
08/03/2014,7:30:00,81.87
08/03/2014,7:45:00,80.92
08/03/2014,8:00:00,80.73
08/03/2014,8:15:00,80.48
08/03/2014,8:30:00,80.67
08/03/2014,8:45:00,80.75
08/03/2014,9:00:00,80.82
08/03/2014,9:15:00,79.77
08/03/2014,9:30:00,79.54
08/03/2014,9:45:00,80.24
08/03/2014,10:00:00,80.37
08/03/2014,10:15:00,79.69
08/03/2014,10:30:00,79.77
08/03/2014,10:45:00,79.42
08/03/2014,11:00:00,79.89
08/03/2014,11:15:00,80.19
08/03/2014,11:30:00,79.76
08/03/2014,11:45:00,80.16
08/03/2014,12:00:00,80.02
08/03/2014,12:15:00,80.23
08/03/2014,12:30:00,80.87
08/03/2014,12:45:00,80.63
08/03/2014,13:00:00,81.4
08/03/2014,13:15:00,80.89
08/03/2014,13:30:00,81.84
08/03/2014,13:45:00,80.6
08/03/2014,14:00:00,80.95
08/03/2014,14:15:00,80.91
08/03/2014,14:30:00,80.98
08/03/2014,14:45:00,81.3
08/03/2014,15:00:00,81.65
08/03/2014,15:15:00,81.29
08/03/2014,15:30:00,80.44
08/03/2014,15:45:00,79.49
08/03/2014,16:00:00,81.13
08/03/2014,16:15:00,81.92
08/03/2014,16:30:00,80.94
08/03/2014,16:45:00,81
08/03/2014,17:00:00,81.24
08/03/2014,17:15:00,79.82
08/03/2014,17:30:00,79.87
08/03/2014,17:45:00,80
08/03/2014,18:00:00,79.46
08/03/2014,18:15:00,79.9
08/03/2014,18:30:00,79.1
08/03/2014,18:45:00,80.43
08/03/2014,19:00:00,80.68
08/03/2014,19:15:00,82.16
08/03/2014,19:30:00,80.57
08/03/2014,19:45:00,81.29
08/03/2014,20:00:00,78.39
08/03/2014,20:15:00,80.24
08/03/2014,20:30:00,79.01
08/03/2014,20:45:00,81
08/03/2014,21:00:00,82.03
08/03/2014,21:15:00,81.25
08/03/2014,21:30:00,83.26
08/03/2014,21:45:00,81.71
08/03/2014,22:00:00,80.63
08/03/2014,22:15:00,83.49
08/03/2014,22:30:00,81.44
08/03/2014,22:45:00,82.2
08/03/2014,23:00:00,82.38
08/03/2014,23:15:00,82.53
08/03/2014,23:30:00,81.78
08/03/2014,23:45:00,81.22
09/03/2014,0:00:00,83.74
09/03/2014,0:15:00,83.08
09/03/2014,0:30:00,83.78
09/03/2014,0:45:00,85.34
09/03/2014,1:00:00,84.19
09/03/2014,1:15:00,84.74
09/03/2014,1:30:00,83.97
09/03/2014,1:45:00,79.9
09/03/2014,2:00:00,88.23
09/03/2014,2:15:00,85.34
09/03/2014,2:30:00,88.01
09/03/2014,2:45:00,80.51
09/03/2014,3:00:00,82.64
09/03/2014,3:15:00,81.35
09/03/2014,3:30:00,82.42
09/03/2014,3:45:00,81.78
09/03/2014,4:00:00,81.56
09/03/2014,4:15:00,81.14
09/03/2014,4:30:00,83.74
09/03/2014,4:45:00,83.3
09/03/2014,5:00:00,83.3
09/03/2014,5:15:00,82.86
09/03/2014,5:30:00,81.97
09/03/2014,5:45:00,82.6
09/03/2014,6:00:00,82.76
09/03/2014,6:15:00,82.14
09/03/2014,6:30:00,83.09
09/03/2014,6:45:00,82.88
09/03/2014,7:00:00,82.2
09/03/2014,7:15:00,83.07
09/03/2014,7:30:00,82.54
09/03/2014,7:45:00,82.47
09/03/2014,8:00:00,81.99
09/03/2014,8:15:00,81.37
09/03/2014,8:30:00,81.83
09/03/2014,8:45:00,81.45
09/03/2014,9:00:00,81.88
09/03/2014,9:15:00,81.6
09/03/2014,9:30:00,81.46
09/03/2014,9:45:00,80.86
09/03/2014,10:00:00,80.96
09/03/2014,10:15:00,80.71
09/03/2014,10:30:00,80.4
09/03/2014,10:45:00,81.13
09/03/2014,11:00:00,80.13
09/03/2014,11:15:00,79.93
09/03/2014,11:30:00,79.76
09/03/2014,11:45:00,79.46
09/03/2014,12:00:00,79.14
09/03/2014,12:15:00,79.93
09/03/2014,12:30:00,79.43
09/03/2014,12:45:00,79.9
09/03/2014,13:00:00,80.02
09/03/2014,13:15:00,80.45
09/03/2014,13:30:00,80.04
09/03/2014,13:45:00,80.05
09/03/2014,14:00:00,80.41
09/03/2014,14:15:00,80.12
09/03/2014,14:30:00,79.45
09/03/2014,14:45:00,78.84
09/03/2014,15:00:00,79.47
09/03/2014,15:15:00,79.03
09/03/2014,15:30:00,79.39
09/03/2014,15:45:00,79.99
09/03/2014,16:00:00,79.54
09/03/2014,16:15:00,79.28
09/03/2014,16:30:00,78.43
09/03/2014,16:45:00,78.12
09/03/2014,17:00:00,78.35
09/03/2014,17:15:00,78.79
09/03/2014,17:30:00,78.28
09/03/2014,17:45:00,77.86
09/03/2014,18:00:00,78.88
09/03/2014,18:15:00,78.99
09/03/2014,18:30:00,78.69
09/03/2014,18:45:00,78.88
09/03/2014,19:00:00,79.43
09/03/2014,19:15:00,79.08
09/03/2014,19:30:00,79.69
09/03/2014,19:45:00,79.9
09/03/2014,20:00:00,79.45
09/03/2014,20:15:00,80.51
09/03/2014,20:30:00,80.81
09/03/2014,20:45:00,82.03
09/03/2014,21:00:00,81.95
09/03/2014,21:15:00,82.03
09/03/2014,21:30:00,81.56
09/03/2014,21:45:00,82.5
09/03/2014,22:00:00,83.56
09/03/2014,22:15:00,82.7
09/03/2014,22:30:00,82.55
09/03/2014,22:45:00,82.65
09/03/2014,23:00:00,83.53
09/03/2014,23:15:00,82.85
09/03/2014,23:30:00,83.85
09/03/2014,23:45:00,83.08
10/03/2014,0:00:00,86.33
10/03/2014,0:15:00,84.19
10/03/2014,0:30:00,84.65
10/03/2014,0:45:00,83.6
10/03/2014,1:00:00,85.11
10/03/2014,1:15:00,82.42
10/03/2014,1:30:00,86.52
10/03/2014,1:45:00,86.76
10/03/2014,2:00:00,85.57
10/03/2014,2:15:00,83.3
10/03/2014,2:30:00,84.65
10/03/2014,2:45:00,82.42
10/03/2014,3:00:00,84.65
10/03/2014,3:15:00,84.18
10/03/2014,3:30:00,83.08
10/03/2014,3:45:00,85.52
10/03/2014,4:00:00,84.15
10/03/2014,4:15:00,83.51
10/03/2014,4:30:00,82.71
10/03/2014,4:45:00,81.97
10/03/2014,5:00:00,82.43
10/03/2014,5:15:00,80.18
10/03/2014,5:30:00,80.25
10/03/2014,5:45:00,79.81
10/03/2014,6:00:00,78.75
10/03/2014,6:15:00,78.3
10/03/2014,6:30:00,78.29
10/03/2014,6:45:00,49.95
10/03/2014,7:00:00,45.12
10/03/2014,7:15:00,30.15
10/03/2014,7:30:00,40
10/03/2014,7:45:00,35.24
10/03/2014,8:00:00,42.95
10/03/2014,8:15:00,37.86
10/03/2014,8:30:00,54.33
10/03/2014,8:45:00,77.65
10/03/2014,9:00:00,78.12
10/03/2014,9:15:00,79.51
10/03/2014,9:30:00,79.85
10/03/2014,9:45:00,79.6
10/03/2014,10:00:00,79.51
10/03/2014,10:15:00,79.31
10/03/2014,10:30:00,79.5
10/03/2014,10:45:00,79.44
10/03/2014,11:00:00,79.84
10/03/2014,11:15:00,79.21
10/03/2014,11:30:00,79.34
10/03/2014,11:45:00,79.34
10/03/2014,12:00:00,79.31
10/03/2014,12:15:00,80.26
10/03/2014,12:30:00,79.52
10/03/2014,12:45:00,79.94
10/03/2014,13:00:00,80.08
10/03/2014,13:15:00,79.79
10/03/2014,13:30:00,80.08
10/03/2014,13:45:00,80.22
10/03/2014,14:00:00,79.94
10/03/2014,14:15:00,81.2
10/03/2014,14:30:00,80.04
10/03/2014,14:45:00,79.81
10/03/2014,15:00:00,80.35
10/03/2014,15:15:00,79.49
10/03/2014,15:30:00,80.19
10/03/2014,15:45:00,79.68
10/03/2014,16:00:00,79.06
10/03/2014,16:15:00,79.95
10/03/2014,16:30:00,79.67
10/03/2014,16:45:00,78.79
10/03/2014,17:00:00,80.58
10/03/2014,17:15:00,79.19
10/03/2014,17:30:00,79.47
10/03/2014,17:45:00,79.67
10/03/2014,18:00:00,79.6
10/03/2014,18:15:00,79.78
10/03/2014,18:30:00,80.19
10/03/2014,18:45:00,80.79
10/03/2014,19:00:00,81.42
10/03/2014,19:15:00,81.35
10/03/2014,19:30:00,80.2
10/03/2014,19:45:00,80.89
10/03/2014,20:00:00,79.94
10/03/2014,20:15:00,81.54
10/03/2014,20:30:00,81.45
10/03/2014,20:45:00,83.4
10/03/2014,21:00:00,82.44
10/03/2014,21:15:00,82.84
10/03/2014,21:30:00,82.62
10/03/2014,21:45:00,84.66
10/03/2014,22:00:00,83.32
10/03/2014,22:15:00,84.38
10/03/2014,22:30:00,83.56
10/03/2014,22:45:00,83.5
10/03/2014,23:00:00,82.41
10/03/2014,23:15:00,83.08
10/03/2014,23:30:00,86.18
10/03/2014,23:45:00,82.64
11/03/2014,0:00:00,85.79
11/03/2014,0:15:00,88.06
11/03/2014,0:30:00,83.3
11/03/2014,0:45:00,83.93
11/03/2014,1:00:00,81.78
11/03/2014,1:15:00,88.98
11/03/2014,1:30:00,83.74
11/03/2014,1:45:00,87
11/03/2014,2:00:00,91.05
11/03/2014,2:15:00,86.04
11/03/2014,2:30:00,84.42
11/03/2014,2:45:00,85.11
11/03/2014,3:00:00,84.53
11/03/2014,3:15:00,81.99
11/03/2014,3:30:00,83.52
11/03/2014,3:45:00,84.29
11/03/2014,4:00:00,83.34
11/03/2014,4:15:00,84.38
11/03/2014,4:30:00,82.77
11/03/2014,4:45:00,83.62
11/03/2014,5:00:00,82.46
11/03/2014,5:15:00,82.25
11/03/2014,5:30:00,81.63
11/03/2014,5:45:00,77.14
11/03/2014,6:00:00,79.37
11/03/2014,6:15:00,65.8
11/03/2014,6:30:00,44.94
11/03/2014,6:45:00,42.13
11/03/2014,7:00:00,52.4
11/03/2014,7:15:00,67.71
11/03/2014,7:30:00,52.2
11/03/2014,7:45:00,41.47
11/03/2014,8:00:00,42.35
11/03/2014,8:15:00,53.5
11/03/2014,8:30:00,54.86
11/03/2014,8:45:00,55.94
11/03/2014,9:00:00,63.14
11/03/2014,9:15:00,71.2
11/03/2014,9:30:00,76.23
11/03/2014,9:45:00,80.23
11/03/2014,10:00:00,80.41
11/03/2014,10:15:00,80.83
11/03/2014,10:30:00,80.81
11/03/2014,10:45:00,80.35
11/03/2014,11:00:00,80.35
11/03/2014,11:15:00,80.81
11/03/2014,11:30:00,80.12
11/03/2014,11:45:00,80.53
11/03/2014,12:00:00,80.03
11/03/2014,12:15:00,80.36
11/03/2014,12:30:00,80.53
11/03/2014,12:45:00,80.18
11/03/2014,13:00:00,80.88
11/03/2014,13:15:00,80.6
11/03/2014,13:30:00,80.96
11/03/2014,13:45:00,80.71
11/03/2014,14:00:00,80.98
11/03/2014,14:15:00,80.55
11/03/2014,14:30:00,80.49
11/03/2014,14:45:00,80.37
11/03/2014,15:00:00,80.11
11/03/2014,15:15:00,79.54
11/03/2014,15:30:00,80.34
11/03/2014,15:45:00,79.22
11/03/2014,16:00:00,80.18
11/03/2014,16:15:00,79.81
11/03/2014,16:30:00,79.06
11/03/2014,16:45:00,79.37
11/03/2014,17:00:00,79.49
11/03/2014,17:15:00,79.51
11/03/2014,17:30:00,78.67
11/03/2014,17:45:00,79.06
11/03/2014,18:00:00,79.57
11/03/2014,18:15:00,80.49
11/03/2014,18:30:00,79.5
11/03/2014,18:45:00,80.36
11/03/2014,19:00:00,81.19
11/03/2014,19:15:00,81.95
11/03/2014,19:30:00,82.09
11/03/2014,19:45:00,82.06
11/03/2014,20:00:00,82.41
11/03/2014,20:15:00,82.36
11/03/2014,20:30:00,82.19
11/03/2014,20:45:00,81.09
11/03/2014,21:00:00,83.82
11/03/2014,21:15:00,82.84
11/03/2014,21:30:00,83.31
11/03/2014,21:45:00,84.69
11/03/2014,22:00:00,81.85
11/03/2014,22:15:00,68.94
11/03/2014,22:30:00,61.37
11/03/2014,22:45:00,60.01
11/03/2014,23:00:00,66.46
11/03/2014,23:15:00,62.8
11/03/2014,23:30:00,62.5
11/03/2014,23:45:00,61.6
12/03/2014,0:00:00,63.15
12/03/2014,0:15:00,81.26
12/03/2014,0:30:00,81.98
12/03/2014,0:45:00,81.7
12/03/2014,1:00:00,81.16
12/03/2014,1:15:00,81.78
12/03/2014,1:30:00,82.39
12/03/2014,1:45:00,82.45
12/03/2014,2:00:00,80.93
12/03/2014,2:15:00,82.58
12/03/2014,2:30:00,82.62
12/03/2014,2:45:00,82.11
12/03/2014,3:00:00,82.15
12/03/2014,3:15:00,78.92
12/03/2014,3:30:00,81.93
12/03/2014,3:45:00,83.28
12/03/2014,4:00:00,85.97
12/03/2014,4:15:00,83.87
12/03/2014,4:30:00,84.46
12/03/2014,4:45:00,82.55
12/03/2014,5:00:00,82.65
12/03/2014,5:15:00,82.37
12/03/2014,5:30:00,81.93
12/03/2014,5:45:00,81.98
12/03/2014,6:00:00,80.9
12/03/2014,6:15:00,79.61
12/03/2014,6:30:00,79.46
12/03/2014,6:45:00,79.4
12/03/2014,7:00:00,78.89
12/03/2014,7:15:00,78.66
12/03/2014,7:30:00,69.69
12/03/2014,7:45:00,71.75
12/03/2014,8:00:00,70.24
12/03/2014,8:15:00,79.23
12/03/2014,8:30:00,78.44
12/03/2014,8:45:00,79.03
12/03/2014,9:00:00,79.37
12/03/2014,9:15:00,79.72
12/03/2014,9:30:00,79.44
12/03/2014,9:45:00,79.63
12/03/2014,10:00:00,80.07
12/03/2014,10:15:00,74.47
12/03/2014,10:30:00,66.12
12/03/2014,10:45:00,75.63
12/03/2014,11:00:00,80.57
12/03/2014,11:15:00,80.88
12/03/2014,11:30:00,80.5
12/03/2014,11:45:00,80.33
12/03/2014,12:00:00,80.87
12/03/2014,12:15:00,80.18
12/03/2014,12:30:00,80.4
12/03/2014,12:45:00,80.49
12/03/2014,13:00:00,80.04
12/03/2014,13:15:00,80.71
12/03/2014,13:30:00,80.12
12/03/2014,13:45:00,80.12
12/03/2014,14:00:00,79.71
12/03/2014,14:15:00,79.78
12/03/2014,14:30:00,79.94
12/03/2014,14:45:00,79.74
12/03/2014,15:00:00,79.37
12/03/2014,15:15:00,79.77
12/03/2014,15:30:00,79.33
12/03/2014,15:45:00,79.7
12/03/2014,16:00:00,79.62
12/03/2014,16:15:00,79.45
12/03/2014,16:30:00,79.27
12/03/2014,16:45:00,79.76
12/03/2014,17:00:00,79.44
12/03/2014,17:15:00,78.93
12/03/2014,17:30:00,78.58
12/03/2014,17:45:00,75.4
12/03/2014,18:00:00,49.45
12/03/2014,18:15:00,55.13
12/03/2014,18:30:00,73.95
12/03/2014,18:45:00,80.56
12/03/2014,19:00:00,80.92
12/03/2014,19:15:00,81
12/03/2014,19:30:00,81.69
12/03/2014,19:45:00,82.74
12/03/2014,20:00:00,82.7
12/03/2014,20:15:00,82.25
12/03/2014,20:30:00,82.1
13/03/2014,6:00:00,80.97
13/03/2014,6:15:00,79.85
13/03/2014,6:30:00,72.46
13/03/2014,6:45:00,79.07
13/03/2014,7:00:00,79
13/03/2014,7:15:00,79.31
13/03/2014,7:30:00,79.27
13/03/2014,7:45:00,78.82
13/03/2014,8:00:00,79.54
13/03/2014,8:15:00,79.03
13/03/2014,8:30:00,79.48
13/03/2014,8:45:00,79.81
13/03/2014,9:00:00,80.12
13/03/2014,9:15:00,79.58
13/03/2014,9:30:00,79.9
13/03/2014,9:45:00,80.01
13/03/2014,10:00:00,79.6
13/03/2014,10:15:00,80.12
13/03/2014,5:45:00,81.12
13/03/2014,5:30:00,82.81
13/03/2014,11:00:00,79.35
13/03/2014,11:15:00,80.53
13/03/2014,11:30:00,79.93
13/03/2014,11:45:00,80.25
13/03/2014,12:00:00,80.2
13/03/2014,12:15:00,80.14
13/03/2014,12:30:00,80.71
13/03/2014,12:45:00,80.44
13/03/2014,13:00:00,79.89
13/03/2014,13:15:00,80.55
13/03/2014,13:30:00,80.06
13/03/2014,13:45:00,79.78
13/03/2014,14:00:00,79.07
13/03/2014,14:15:00,80.3
13/03/2014,14:30:00,80.19
13/03/2014,14:45:00,79.72
13/03/2014,15:00:00,79.41
13/03/2014,15:15:00,79.92
13/03/2014,5:15:00,82.69
13/03/2014,5:00:00,83.12
13/03/2014,4:45:00,83.5
13/03/2014,16:15:00,78.92
13/03/2014,16:30:00,78.71
13/03/2014,16:45:00,78.61
13/03/2014,17:00:00,79.77
13/03/2014,17:15:00,78.95
13/03/2014,17:30:00,79.44
13/03/2014,17:45:00,79.48
13/03/2014,18:00:00,79.29
13/03/2014,18:15:00,79.32
13/03/2014,18:30:00,79.2
13/03/2014,18:45:00,80.65
13/03/2014,19:00:00,79.98
13/03/2014,19:15:00,81.46
13/03/2014,19:30:00,82.07
13/03/2014,19:45:00,81.91
13/03/2014,20:00:00,83.37
13/03/2014,20:15:00,83.15
13/03/2014,20:30:00,82.91
13/03/2014,20:45:00,82.61
13/03/2014,21:00:00,82.38
13/03/2014,21:15:00,83.1
13/03/2014,21:30:00,82.96
13/03/2014,21:45:00,83.18
13/03/2014,22:00:00,82.66
13/03/2014,22:15:00,84.55
13/03/2014,22:30:00,82.47
13/03/2014,22:45:00,82.27
13/03/2014,23:00:00,83.64
13/03/2014,23:15:00,83.41
13/03/2014,23:30:00,86.08
13/03/2014,23:45:00,86.83
14/03/2014,0:00:00,85.99
13/03/2014,4:30:00,82.94
13/03/2014,4:15:00,82.82
13/03/2014,4:00:00,82.86
13/03/2014,3:45:00,83.97
13/03/2014,3:30:00,84.42
13/03/2014,3:15:00,83.3
13/03/2014,3:00:00,86.04
13/03/2014,2:45:00,81.99
13/03/2014,2:30:00,82.64
13/03/2014,2:15:00,82.2
13/03/2014,2:00:00,83.52
13/03/2014,1:45:00,84.19
13/03/2014,1:30:00,83.74
13/03/2014,1:15:00,82.86
13/03/2014,1:00:00,82.91
13/03/2014,0:45:00,86.04
13/03/2014,0:30:00,84.42
13/03/2014,0:15:00,83.74
13/03/2014,0:00:00,82.86
12/03/2014,23:45:00,85.27
12/03/2014,23:30:00,84.4
12/03/2014,23:15:00,83.38
12/03/2014,23:00:00,84.29
12/03/2014,22:45:00,84.27
12/03/2014,22:30:00,82.74
12/03/2014,22:15:00,82.48
12/03/2014,22:00:00,84.52
12/03/2014,21:45:00,83.27
12/03/2014,21:30:00,83.59
12/03/2014,21:15:00,82.96
12/03/2014,21:00:00,82.77
12/03/2014,20:45:00,82.95
13/03/2014,10:30:00,79.94
13/03/2014,10:45:00,79.74
13/03/2014,15:30:00,79.38
13/03/2014,15:45:00,79.29
13/03/2014,16:00:00,78.58
14/03/2014,0:15:00,84.42
14/03/2014,0:30:00,83.74
14/03/2014,0:45:00,82.64
14/03/2014,1:00:00,82.64
14/03/2014,1:15:00,85.34
14/03/2014,1:30:00,84.13
14/03/2014,1:45:00,83.87
14/03/2014,2:00:00,84.29
14/03/2014,2:15:00,85.11
14/03/2014,2:30:00,86.04
14/03/2014,2:45:00,84.65
14/03/2014,3:00:00,82.81
14/03/2014,3:15:00,85.43
14/03/2014,3:30:00,83.74
14/03/2014,3:45:00,84.36
14/03/2014,4:00:00,85.12
14/03/2014,4:15:00,85.93
14/03/2014,4:30:00,82.64
14/03/2014,4:45:00,83.89
14/03/2014,5:00:00,83.06
14/03/2014,5:15:00,82.51
14/03/2014,5:30:00,81.54
14/03/2014,5:45:00,81.92
14/03/2014,6:00:00,81.59
14/03/2014,6:15:00,80.54
14/03/2014,6:30:00,80.76
14/03/2014,6:45:00,80.87
14/03/2014,7:00:00,80.45
14/03/2014,7:15:00,80.05
14/03/2014,7:30:00,80.05
14/03/2014,7:45:00,80.36
14/03/2014,8:00:00,80.38
14/03/2014,8:15:00,79.86
14/03/2014,8:30:00,80.4
14/03/2014,8:45:00,76.62
14/03/2014,9:00:00,79.79
14/03/2014,9:15:00,80.7
14/03/2014,9:30:00,80.97
14/03/2014,9:45:00,80.43
14/03/2014,10:00:00,79.72
14/03/2014,10:15:00,80.17
14/03/2014,10:30:00,79.26
14/03/2014,10:45:00,79.63
14/03/2014,11:00:00,79.68
14/03/2014,11:15:00,79.48
14/03/2014,11:30:00,79.28
14/03/2014,11:45:00,79
14/03/2014,12:00:00,79.69
14/03/2014,12:15:00,79.05
14/03/2014,12:30:00,78.68
14/03/2014,12:45:00,79.52
14/03/2014,13:00:00,78.86
14/03/2014,13:15:00,78.94
14/03/2014,13:30:00,79.08
14/03/2014,13:45:00,77.13
14/03/2014,14:00:00,79.19
14/03/2014,14:15:00,79.23
14/03/2014,14:30:00,78.94
14/03/2014,14:45:00,78.27
14/03/2014,15:00:00,78.89
14/03/2014,15:15:00,78.58
14/03/2014,15:30:00,79.05
14/03/2014,15:45:00,78.62
14/03/2014,16:00:00,78.54
14/03/2014,16:15:00,78.04
14/03/2014,16:30:00,78.03
14/03/2014,16:45:00,76.25
14/03/2014,17:00:00,78.06
14/03/2014,17:15:00,78.18
14/03/2014,17:30:00,77.8
14/03/2014,17:45:00,78.76
14/03/2014,18:00:00,79.05
14/03/2014,18:15:00,79.02
14/03/2014,18:30:00,78.7
14/03/2014,18:45:00,79.04
14/03/2014,19:00:00,79.43
14/03/2014,19:15:00,80
14/03/2014,19:30:00,80.12
14/03/2014,19:45:00,79.76
15/03/2014,5:15:00,83.73
15/03/2014,5:30:00,83.61
15/03/2014,5:45:00,84.37
15/03/2014,6:00:00,83.98
15/03/2014,6:15:00,84.87
15/03/2014,6:30:00,84.31
15/03/2014,6:45:00,83.25
15/03/2014,7:00:00,82.81
15/03/2014,7:15:00,82.67
15/03/2014,7:30:00,82.62
15/03/2014,7:45:00,81.73
15/03/2014,8:00:00,81.52
15/03/2014,8:15:00,81.17
15/03/2014,8:30:00,80.7
15/03/2014,8:45:00,80.74
15/03/2014,9:00:00,80.75
15/03/2014,9:15:00,80.7
15/03/2014,9:30:00,80.71
15/03/2014,9:45:00,80.21
15/03/2014,10:00:00,79.64
15/03/2014,10:15:00,79.88
15/03/2014,10:30:00,79.89
15/03/2014,10:45:00,79.33
15/03/2014,11:00:00,79.59
15/03/2014,11:15:00,79.19
15/03/2014,11:30:00,79.48
15/03/2014,11:45:00,79.66
15/03/2014,12:00:00,80.06
15/03/2014,12:15:00,79.71
15/03/2014,12:30:00,80.06
15/03/2014,12:45:00,80.7
15/03/2014,13:00:00,80.55
15/03/2014,13:15:00,79.67
15/03/2014,13:30:00,79.74
15/03/2014,13:45:00,80.23
15/03/2014,14:00:00,80.41
15/03/2014,14:15:00,85.97
15/03/2014,14:30:00,80.44
15/03/2014,5:00:00,83.38
15/03/2014,4:45:00,84.16
15/03/2014,15:15:00,81.15
15/03/2014,15:30:00,80.53
15/03/2014,15:45:00,81.41
15/03/2014,16:00:00,80.94
15/03/2014,16:15:00,82.15
15/03/2014,16:30:00,81.48
15/03/2014,16:45:00,81.82
15/03/2014,17:00:00,81.29
15/03/2014,17:15:00,81.79
15/03/2014,17:30:00,80.19
15/03/2014,17:45:00,80.95
15/03/2014,18:00:00,80.64
15/03/2014,18:15:00,80.24
15/03/2014,18:30:00,80.46
15/03/2014,18:45:00,80.73
15/03/2014,19:00:00,81.59
15/03/2014,19:15:00,81.24
15/03/2014,4:30:00,84.53
15/03/2014,4:15:00,84.32
15/03/2014,4:00:00,82.81
15/03/2014,20:15:00,81.21
15/03/2014,20:30:00,81.4
15/03/2014,20:45:00,82.59
15/03/2014,21:00:00,82.66
15/03/2014,21:15:00,81.92
15/03/2014,21:30:00,82.27
15/03/2014,21:45:00,83.51
15/03/2014,22:00:00,81.28
15/03/2014,22:15:00,82.86
15/03/2014,22:30:00,82.62
15/03/2014,22:45:00,84.79
15/03/2014,23:00:00,80.66
15/03/2014,23:15:00,83.28
15/03/2014,23:30:00,83.9
15/03/2014,23:45:00,85.34
16/03/2014,0:00:00,81.7
16/03/2014,0:15:00,83.53
16/03/2014,0:30:00,83.3
16/03/2014,0:45:00,86.67
16/03/2014,1:00:00,85.86
15/03/2014,3:45:00,85.57
15/03/2014,3:30:00,85.11
15/03/2014,3:15:00,83.74
15/03/2014,3:00:00,83.97
15/03/2014,2:45:00,83.97
15/03/2014,2:30:00,84.42
15/03/2014,2:15:00,85.57
15/03/2014,2:00:00,83.97
15/03/2014,1:45:00,82.86
15/03/2014,1:30:00,81.99
15/03/2014,1:15:00,84.02
15/03/2014,1:00:00,86.27
15/03/2014,0:45:00,83.3
15/03/2014,0:30:00,84.92
15/03/2014,0:15:00,86.99
15/03/2014,0:00:00,83.54
14/03/2014,23:45:00,83.36
14/03/2014,23:30:00,82.7
14/03/2014,23:15:00,84.96
14/03/2014,23:00:00,85.34
14/03/2014,22:45:00,83.55
14/03/2014,22:30:00,82.12
14/03/2014,22:15:00,84.01
14/03/2014,22:00:00,82.77
14/03/2014,21:45:00,83.13
14/03/2014,21:30:00,82.69
14/03/2014,21:15:00,81.99
14/03/2014,21:00:00,81.44
14/03/2014,20:45:00,81.11
14/03/2014,20:30:00,82.4
14/03/2014,20:15:00,80.34
14/03/2014,20:00:00,80.45
15/03/2014,14:45:00,80.84
15/03/2014,15:00:00,80.85
15/03/2014,19:30:00,81.46
15/03/2014,19:45:00,81.3
15/03/2014,20:00:00,82.76
16/03/2014,9:30:00,81.45
16/03/2014,9:45:00,81.16
16/03/2014,1:15:00,81.78
16/03/2014,1:30:00,82.64
16/03/2014,1:45:00,80.1
16/03/2014,2:00:00,83.6
16/03/2014,2:15:00,86.76
16/03/2014,2:30:00,82.42
16/03/2014,2:45:00,80.1
16/03/2014,3:00:00,83.3
16/03/2014,3:15:00,82.86
16/03/2014,3:30:00,80.93
16/03/2014,3:45:00,82.86
16/03/2014,4:00:00,86.76
16/03/2014,4:15:00,83.97
16/03/2014,4:30:00,84.42
16/03/2014,4:45:00,83.97
16/03/2014,5:00:00,83.08
16/03/2014,5:15:00,81.78
16/03/2014,5:30:00,82.86
16/03/2014,5:45:00,83.74
16/03/2014,6:00:00,85.88
16/03/2014,6:15:00,84
16/03/2014,6:30:00,85.34
16/03/2014,6:45:00,83.6
16/03/2014,7:00:00,85.54
16/03/2014,7:15:00,83.95
16/03/2014,7:30:00,83.58
16/03/2014,7:45:00,83.56
16/03/2014,8:00:00,83.25
16/03/2014,8:15:00,83.07
16/03/2014,8:30:00,82.06
16/03/2014,8:45:00,81.85
16/03/2014,9:00:00,81.56
16/03/2014,19:00:00,78.96
16/03/2014,19:15:00,79.72
16/03/2014,19:30:00,80.24
16/03/2014,19:45:00,79.95
16/03/2014,20:00:00,79.74
16/03/2014,20:15:00,79.27
16/03/2014,20:30:00,80.08
16/03/2014,20:45:00,81.06
16/03/2014,21:00:00,80.76
16/03/2014,21:15:00,82.32
16/03/2014,21:30:00,81.56
16/03/2014,21:45:00,81.41
16/03/2014,22:00:00,82.78
16/03/2014,22:15:00,81.23
16/03/2014,22:30:00,83.78
16/03/2014,22:45:00,84.3
16/03/2014,23:00:00,83.04
16/03/2014,23:15:00,83.12
16/03/2014,23:30:00,82.42
16/03/2014,9:15:00,81.17
16/03/2014,10:45:00,80.1
17/03/2014,0:15:00,83.52
17/03/2014,0:30:00,82.6
17/03/2014,0:45:00,82.64
17/03/2014,1:00:00,80.51
17/03/2014,1:15:00,85.34
17/03/2014,1:30:00,82.42
17/03/2014,1:45:00,83.52
17/03/2014,2:00:00,83.52
17/03/2014,2:15:00,84.19
17/03/2014,2:30:00,83.74
17/03/2014,2:45:00,83.52
17/03/2014,3:00:00,84.88
17/03/2014,3:15:00,85.99
17/03/2014,3:30:00,84.64
17/03/2014,3:45:00,84.17
17/03/2014,4:00:00,84.59
17/03/2014,4:15:00,82.85
17/03/2014,4:30:00,82.49
17/03/2014,4:45:00,82.36
17/03/2014,5:00:00,82.22
17/03/2014,5:15:00,80.93
16/03/2014,11:00:00,76.1
16/03/2014,10:00:00,81.04
16/03/2014,10:15:00,80
16/03/2014,10:30:00,79.87
16/03/2014,11:15:00,79.42
16/03/2014,11:30:00,79.28
16/03/2014,11:45:00,80.05
16/03/2014,12:00:00,80.25
16/03/2014,12:15:00,80.54
16/03/2014,12:30:00,79.62
16/03/2014,12:45:00,80
16/03/2014,13:00:00,80.13
16/03/2014,13:15:00,80.62
16/03/2014,13:30:00,80.48
16/03/2014,13:45:00,80.37
16/03/2014,14:00:00,79.97
16/03/2014,14:15:00,80.22
17/03/2014,9:45:00,79.9
17/03/2014,10:00:00,80.25
17/03/2014,10:15:00,79.29
17/03/2014,10:30:00,79.45
17/03/2014,10:45:00,79.63
17/03/2014,11:00:00,79.92
17/03/2014,11:15:00,79.74
17/03/2014,11:30:00,80.36
17/03/2014,11:45:00,79.86
17/03/2014,12:00:00,79.83
17/03/2014,12:15:00,79.87
17/03/2014,12:30:00,80.11
17/03/2014,12:45:00,79.87
17/03/2014,13:00:00,80.13
17/03/2014,13:15:00,79.95
17/03/2014,13:30:00,79.46
17/03/2014,13:45:00,79.74
17/03/2014,14:00:00,79.88
17/03/2014,14:15:00,80.4
16/03/2014,14:30:00,80.37
16/03/2014,14:45:00,79.94
16/03/2014,15:00:00,79.29
16/03/2014,15:15:00,79.43
16/03/2014,15:30:00,79.54
16/03/2014,15:45:00,79.63
16/03/2014,16:00:00,79.18
16/03/2014,16:15:00,79.44
16/03/2014,16:30:00,78.83
16/03/2014,16:45:00,79.39
16/03/2014,17:00:00,78.65
16/03/2014,17:15:00,79.48
16/03/2014,17:30:00,79.75
16/03/2014,17:45:00,78.98
16/03/2014,18:00:00,79.47
16/03/2014,18:15:00,79.8
16/03/2014,18:30:00,79.18
16/03/2014,18:45:00,78.47
16/03/2014,23:45:00,82.64
17/03/2014,0:00:00,81.08
17/03/2014,5:30:00,80.52
17/03/2014,5:45:00,79.96
17/03/2014,6:00:00,78.98
17/03/2014,6:15:00,78.29
17/03/2014,6:30:00,71.26
17/03/2014,6:45:00,34.07
17/03/2014,7:00:00,24.85
17/03/2014,7:15:00,30.97
17/03/2014,7:30:00,39.13
17/03/2014,7:45:00,55.81
17/03/2014,8:00:00,62.5
17/03/2014,8:15:00,55.71
17/03/2014,8:30:00,39.99
17/03/2014,22:45:00,84.18
17/03/2014,23:00:00,84.26
17/03/2014,23:15:00,84.19
17/03/2014,23:30:00,86.28
17/03/2014,8:45:00,47.81
17/03/2014,9:00:00,65.53
17/03/2014,9:15:00,76.11
17/03/2014,9:30:00,79.83
17/03/2014,19:45:00,81.9
17/03/2014,20:00:00,83.38
17/03/2014,20:15:00,81.69
17/03/2014,20:30:00,83
17/03/2014,20:45:00,82.81
17/03/2014,21:00:00,83.24
17/03/2014,21:15:00,84.43
17/03/2014,21:30:00,84.92
17/03/2014,21:45:00,85.51
17/03/2014,22:00:00,83.93
17/03/2014,22:15:00,84.66
17/03/2014,22:30:00,84.27
17/03/2014,14:30:00,79.91
18/03/2014,4:00:00,82.49
18/03/2014,4:15:00,83.2
18/03/2014,4:30:00,83.56
18/03/2014,4:45:00,82.24
18/03/2014,5:00:00,82.35
18/03/2014,5:15:00,81.82
18/03/2014,5:30:00,82.06
18/03/2014,5:45:00,81.56
18/03/2014,6:00:00,81.08
18/03/2014,6:15:00,79.79
18/03/2014,6:30:00,79.4
18/03/2014,6:45:00,78.53
18/03/2014,7:00:00,78.76
18/03/2014,7:15:00,78.89
18/03/2014,7:30:00,78.41
18/03/2014,7:45:00,60.74
18/03/2014,8:00:00,61.03
18/03/2014,8:15:00,77.96
18/03/2014,8:30:00,79.28
18/03/2014,8:45:00,79.23
18/03/2014,9:00:00,79.8
18/03/2014,9:15:00,80.1
18/03/2014,9:30:00,80.11
18/03/2014,9:45:00,80.46
18/03/2014,10:00:00,79.65
18/03/2014,10:15:00,79.94
18/03/2014,10:30:00,80.03
18/03/2014,10:45:00,78.51
18/03/2014,11:00:00,79.2
18/03/2014,11:15:00,79.57
18/03/2014,11:30:00,79.81
18/03/2014,11:45:00,79.85
17/03/2014,14:45:00,80.08
17/03/2014,15:00:00,80.27
17/03/2014,15:15:00,80.03
17/03/2014,15:30:00,79.72
17/03/2014,15:45:00,80.28
17/03/2014,16:00:00,79.69
17/03/2014,16:15:00,79.34
17/03/2014,16:30:00,79.87
17/03/2014,16:45:00,79.8
17/03/2014,17:00:00,79.46
17/03/2014,17:15:00,79.44
17/03/2014,17:30:00,79.67
17/03/2014,17:45:00,79.73
17/03/2014,18:00:00,80.15
17/03/2014,18:15:00,80.45
17/03/2014,18:30:00,80.83
17/03/2014,18:45:00,80.92
17/03/2014,19:00:00,81.14
17/03/2014,19:15:00,81.78
17/03/2014,19:30:00,81.67
18/03/2014,1:00:00,84.19
18/03/2014,1:15:00,86.04
18/03/2014,1:30:00,87.98
18/03/2014,1:45:00,85.57
18/03/2014,2:00:00,81.78
18/03/2014,2:15:00,82.86
18/03/2014,2:30:00,86.28
18/03/2014,2:45:00,83.74
18/03/2014,3:00:00,84.88
18/03/2014,3:15:00,84.65
18/03/2014,3:30:00,82.97
18/03/2014,3:45:00,83.81
17/03/2014,23:45:00,86.26
18/03/2014,0:00:00,84.65
18/03/2014,0:15:00,84.65
18/03/2014,0:30:00,86.43
18/03/2014,0:45:00,87
18/03/2014,12:00:00,79.21
18/03/2014,12:15:00,80.08
18/03/2014,12:30:00,79.87
18/03/2014,12:45:00,79.29
18/03/2014,13:00:00,80.02
18/03/2014,13:15:00,79.59
18/03/2014,13:30:00,79.51
18/03/2014,13:45:00,80.25
18/03/2014,14:00:00,80.06
18/03/2014,14:15:00,79.73
18/03/2014,14:30:00,79.42
18/03/2014,14:45:00,79.03
18/03/2014,15:00:00,79.09
18/03/2014,15:15:00,79.05
18/03/2014,15:30:00,77.91
18/03/2014,15:45:00,79.36
18/03/2014,16:00:00,79.92
18/03/2014,16:15:00,78.87
18/03/2014,16:30:00,78.73
18/03/2014,16:45:00,78.63
18/03/2014,17:00:00,78.73
18/03/2014,17:15:00,79.02
18/03/2014,17:30:00,78.97
18/03/2014,17:45:00,79.55
18/03/2014,18:00:00,79.44
18/03/2014,18:15:00,80.01
18/03/2014,18:30:00,80.18
18/03/2014,18:45:00,80.69
18/03/2014,19:00:00,80.93
18/03/2014,19:15:00,81.06
18/03/2014,19:30:00,81.45
18/03/2014,19:45:00,81.63
18/03/2014,20:00:00,82.41
18/03/2014,20:15:00,79.89
18/03/2014,20:30:00,80.19
18/03/2014,20:45:00,82.44
18/03/2014,21:00:00,83.15
18/03/2014,21:15:00,82.58
18/03/2014,21:30:00,84.19
18/03/2014,21:45:00,84.89
18/03/2014,22:00:00,84.7
18/03/2014,22:15:00,84.69
18/03/2014,22:30:00,84.88
18/03/2014,22:45:00,85.63
18/03/2014,23:00:00,85.86
18/03/2014,23:15:00,83.01
18/03/2014,23:30:00,82.86
18/03/2014,23:45:00,86.52
19/03/2014,0:00:00,82.86
19/03/2014,0:15:00,82.42
19/03/2014,0:30:00,84.19
19/03/2014,0:45:00,89.16
19/03/2014,1:00:00,85.42
19/03/2014,1:15:00,83.3
19/03/2014,1:30:00,84.49
19/03/2014,1:45:00,83.97
19/03/2014,2:00:00,87
19/03/2014,2:15:00,86.52
19/03/2014,2:30:00,84.88
19/03/2014,2:45:00,83.08
19/03/2014,3:00:00,84.29
19/03/2014,3:15:00,82.86
19/03/2014,3:30:00,83.78
19/03/2014,3:45:00,83.97
19/03/2014,4:00:00,82.86
19/03/2014,4:15:00,83.08
19/03/2014,4:30:00,83.53
19/03/2014,4:45:00,83.04
19/03/2014,5:00:00,82.95
19/03/2014,5:15:00,82.25
19/03/2014,5:30:00,82.08
19/03/2014,5:45:00,81.59
19/03/2014,6:00:00,81.4
19/03/2014,6:15:00,80.35
19/03/2014,6:30:00,79.24
19/03/2014,6:45:00,79.5
19/03/2014,7:00:00,78.93
19/03/2014,7:15:00,79.14
19/03/2014,7:30:00,79.28
19/03/2014,7:45:00,78.79
19/03/2014,8:00:00,79.18
19/03/2014,8:15:00,79.55
19/03/2014,8:30:00,79.55
19/03/2014,8:45:00,79.91
19/03/2014,9:00:00,79.97
19/03/2014,9:15:00,80.22
19/03/2014,9:30:00,80.34
19/03/2014,9:45:00,80.41
19/03/2014,10:00:00,80.26
19/03/2014,10:15:00,80.63
19/03/2014,10:30:00,80.49
19/03/2014,10:45:00,79.89
19/03/2014,11:00:00,80.91
19/03/2014,11:15:00,80.01
19/03/2014,11:30:00,79.96
19/03/2014,11:45:00,79.85
19/03/2014,12:00:00,81.19
19/03/2014,12:15:00,80.72
19/03/2014,12:30:00,79.88
19/03/2014,12:45:00,78.41
19/03/2014,13:00:00,73.63
19/03/2014,13:15:00,77.98
19/03/2014,13:30:00,80.15
19/03/2014,13:45:00,79.43
19/03/2014,14:00:00,80.59
19/03/2014,14:15:00,79.85
19/03/2014,14:30:00,79.88
19/03/2014,14:45:00,80.11
19/03/2014,15:00:00,79.98
19/03/2014,15:15:00,79.51
19/03/2014,15:30:00,79.11
19/03/2014,21:15:00,81.27
19/03/2014,21:30:00,82.19
19/03/2014,21:45:00,82.78
19/03/2014,22:00:00,82.91
19/03/2014,22:15:00,82.69
19/03/2014,22:30:00,83.78
19/03/2014,22:45:00,84.64
19/03/2014,23:00:00,83.22
19/03/2014,23:15:00,81.99
19/03/2014,23:30:00,82.73
19/03/2014,23:45:00,82.64
20/03/2014,0:00:00,83.97
20/03/2014,0:15:00,84.31
20/03/2014,0:30:00,81.99
20/03/2014,0:45:00,83.97
20/03/2014,1:00:00,84.65
19/03/2014,21:00:00,82.27
19/03/2014,20:45:00,81.9
19/03/2014,20:30:00,82.4
19/03/2014,20:15:00,82.55
20/03/2014,5:00:00,82.13
20/03/2014,6:15:00,80.59
20/03/2014,6:30:00,80.07
20/03/2014,6:45:00,78.87
20/03/2014,7:00:00,79.41
20/03/2014,7:15:00,79.94
20/03/2014,7:30:00,79.76
20/03/2014,7:45:00,79.75
20/03/2014,8:00:00,79.86
20/03/2014,8:15:00,79.72
20/03/2014,8:30:00,79.96
20/03/2014,8:45:00,79.8
20/03/2014,9:00:00,79.94
20/03/2014,9:15:00,79.71
20/03/2014,9:30:00,80.07
20/03/2014,9:45:00,80.07
20/03/2014,10:00:00,79.82
20/03/2014,10:15:00,80.15
20/03/2014,10:30:00,79.98
20/03/2014,10:45:00,80.16
20/03/2014,11:00:00,80.27
20/03/2014,11:15:00,79.83
20/03/2014,11:30:00,80.07
20/03/2014,11:45:00,80.17
20/03/2014,12:00:00,80.19
20/03/2014,12:15:00,80.69
20/03/2014,12:30:00,80.19
20/03/2014,12:45:00,80.11
20/03/2014,13:00:00,80.2
20/03/2014,13:15:00,79.97
20/03/2014,13:30:00,79.85
20/03/2014,13:45:00,79.97
20/03/2014,14:00:00,79.87
20/03/2014,4:45:00,83.49
20/03/2014,4:30:00,84.39
20/03/2014,4:15:00,82.42
20/03/2014,4:00:00,82.86
20/03/2014,3:45:00,82.42
20/03/2014,3:30:00,82.42
20/03/2014,3:15:00,82.2
20/03/2014,3:00:00,86.28
20/03/2014,2:45:00,81.35
20/03/2014,2:30:00,83.08
20/03/2014,2:15:00,83.3
20/03/2014,2:00:00,84.88
20/03/2014,1:45:00,82.64
20/03/2014,1:30:00,81.56
20/03/2014,1:15:00,82.86
20/03/2014,5:15:00,82.07
20/03/2014,5:30:00,81.7
20/03/2014,5:45:00,81.55
20/03/2014,6:00:00,80.68
19/03/2014,20:00:00,81.64
19/03/2014,19:45:00,81.68
19/03/2014,19:30:00,82.24
19/03/2014,19:15:00,80.97
19/03/2014,19:00:00,80.57
19/03/2014,18:45:00,80.85
19/03/2014,18:30:00,80.5
19/03/2014,18:15:00,79.94
19/03/2014,18:00:00,73.45
19/03/2014,17:45:00,65.25
19/03/2014,17:30:00,44.25
19/03/2014,17:15:00,34.12
19/03/2014,17:00:00,43.68
19/03/2014,16:45:00,74.42
19/03/2014,16:30:00,79.54
19/03/2014,16:15:00,79.14
19/03/2014,16:00:00,79.47
19/03/2014,15:45:00,79.57
20/03/2014,14:15:00,80.14
20/03/2014,14:30:00,79.64
20/03/2014,14:45:00,79.76
20/03/2014,15:00:00,79.54
20/03/2014,15:15:00,79.39
20/03/2014,15:30:00,78.3
20/03/2014,15:45:00,77.91
20/03/2014,16:00:00,78.45
20/03/2014,16:15:00,77.6
20/03/2014,16:30:00,77.59
20/03/2014,16:45:00,76
20/03/2014,17:00:00,78.08
20/03/2014,17:15:00,77.82
20/03/2014,17:30:00,78.22
20/03/2014,17:45:00,77.76
20/03/2014,18:00:00,77.89
20/03/2014,18:15:00,77.63
20/03/2014,18:30:00,79.08
20/03/2014,18:45:00,79.7
20/03/2014,19:00:00,79.77
20/03/2014,19:15:00,81.07
20/03/2014,19:30:00,80.51
20/03/2014,19:45:00,81.84
20/03/2014,20:00:00,81.74
20/03/2014,20:15:00,82.07
20/03/2014,20:30:00,81.59
20/03/2014,20:45:00,82.19
20/03/2014,21:00:00,83.13
20/03/2014,21:15:00,82.27
20/03/2014,21:30:00,84.09
20/03/2014,21:45:00,82.48
20/03/2014,22:00:00,82.94
20/03/2014,22:15:00,83.06
20/03/2014,22:30:00,83.65
20/03/2014,22:45:00,83.12
20/03/2014,23:00:00,83.8
20/03/2014,23:15:00,84.73
20/03/2014,23:30:00,85.38
20/03/2014,23:45:00,82.96
21/03/2014,0:00:00,85.34
21/03/2014,0:15:00,84.01
21/03/2014,0:30:00,82.64
21/03/2014,0:45:00,86.52
21/03/2014,1:00:00,83.74
21/03/2014,1:15:00,82.86
21/03/2014,1:30:00,86.76
21/03/2014,1:45:00,83.08
21/03/2014,2:00:00,83.9
21/03/2014,2:15:00,84.42
21/03/2014,2:30:00,82.42
21/03/2014,2:45:00,83.78
21/03/2014,3:00:00,84.65
21/03/2014,3:15:00,81.78
21/03/2014,3:30:00,83.52
21/03/2014,3:45:00,84.32
21/03/2014,4:00:00,83.65
21/03/2014,4:15:00,83.07
21/03/2014,4:30:00,84.2
21/03/2014,4:45:00,84.05
21/03/2014,5:00:00,83.2
21/03/2014,5:15:00,82.62
21/03/2014,5:30:00,83.14
21/03/2014,5:45:00,82.73
21/03/2014,6:00:00,81.61
21/03/2014,6:15:00,81.64
21/03/2014,6:30:00,81.31
21/03/2014,6:45:00,80.83
21/03/2014,7:00:00,80.29
21/03/2014,7:15:00,80.41
21/03/2014,7:30:00,79.68
21/03/2014,7:45:00,80.25
21/03/2014,8:00:00,80.09
21/03/2014,8:15:00,79.95
21/03/2014,8:30:00,80.47
21/03/2014,8:45:00,80.62
21/03/2014,9:00:00,80.41
21/03/2014,9:15:00,81.08
21/03/2014,9:30:00,80.55
21/03/2014,9:45:00,80.86
21/03/2014,10:00:00,80
21/03/2014,10:15:00,79.89
21/03/2014,10:30:00,79.4
21/03/2014,10:45:00,79.49
21/03/2014,11:00:00,79.58
21/03/2014,11:15:00,79.9
21/03/2014,11:30:00,78.97
21/03/2014,11:45:00,80.04
21/03/2014,12:00:00,79.39
21/03/2014,12:15:00,79.73
21/03/2014,12:30:00,79.11
21/03/2014,12:45:00,78.55
21/03/2014,13:00:00,73.74
21/03/2014,13:15:00,69.03
21/03/2014,13:30:00,78.49
21/03/2014,13:45:00,78.96
21/03/2014,14:00:00,79.31
21/03/2014,14:15:00,78.74
21/03/2014,14:30:00,79.12
21/03/2014,14:45:00,79.33
21/03/2014,15:00:00,76.93
21/03/2014,15:15:00,64.63
21/03/2014,15:30:00,63.7
21/03/2014,15:45:00,72.65
21/03/2014,16:00:00,78.54
21/03/2014,16:15:00,75.77
21/03/2014,16:30:00,50.11
21/03/2014,16:45:00,32.66
21/03/2014,17:00:00,30.4
21/03/2014,17:15:00,40.56
21/03/2014,17:30:00,52.95
21/03/2014,17:45:00,75.88
21/03/2014,18:00:00,80.23
21/03/2014,18:15:00,80.13
21/03/2014,18:30:00,79.5
21/03/2014,18:45:00,79.88
21/03/2014,19:00:00,80.24
21/03/2014,19:15:00,80.01
21/03/2014,19:30:00,80.35
21/03/2014,19:45:00,80.52
21/03/2014,20:00:00,80.56
21/03/2014,20:15:00,81.16
21/03/2014,20:30:00,81.29
21/03/2014,20:45:00,81.84
21/03/2014,21:00:00,81.58
21/03/2014,21:15:00,81.84
21/03/2014,21:30:00,81.66
21/03/2014,21:45:00,82.94
21/03/2014,22:00:00,81.6
21/03/2014,22:15:00,83.23
21/03/2014,22:30:00,82.04
21/03/2014,22:45:00,81.33
21/03/2014,23:00:00,81.15
21/03/2014,23:15:00,81.3
21/03/2014,23:30:00,80.98
21/03/2014,23:45:00,82.66
22/03/2014,0:00:00,85.2
22/03/2014,0:15:00,83.54
22/03/2014,0:30:00,84.31
22/03/2014,0:45:00,83.52
22/03/2014,1:00:00,83.97
22/03/2014,1:15:00,85.98
22/03/2014,1:30:00,81.56
22/03/2014,1:45:00,85.58
22/03/2014,2:00:00,81.14
22/03/2014,2:15:00,86.76
22/03/2014,2:30:00,83.08
22/03/2014,2:45:00,81.35
22/03/2014,3:00:00,80.93
22/03/2014,3:15:00,84.19
22/03/2014,3:30:00,84.65
22/03/2014,3:45:00,84.65
22/03/2014,4:00:00,83.52
22/03/2014,4:15:00,83.8
22/03/2014,4:30:00,83.52
22/03/2014,4:45:00,81.99
22/03/2014,5:00:00,83.16
22/03/2014,5:15:00,83.52
22/03/2014,5:30:00,85.25
22/03/2014,5:45:00,83.15
22/03/2014,6:00:00,83.9
22/03/2014,6:15:00,84.47
22/03/2014,6:30:00,82.8
22/03/2014,6:45:00,82.68
22/03/2014,7:00:00,82.9
22/03/2014,7:15:00,81.42
22/03/2014,7:30:00,81.98
22/03/2014,7:45:00,81.43
22/03/2014,8:00:00,81.02
22/03/2014,8:15:00,81.06
22/03/2014,8:30:00,80.72
22/03/2014,8:45:00,80.91
22/03/2014,9:00:00,81.26
22/03/2014,9:15:00,79.85
22/03/2014,9:30:00,79.62
22/03/2014,9:45:00,79.73
22/03/2014,10:00:00,79.47
22/03/2014,10:15:00,79.78
22/03/2014,10:30:00,79.4
22/03/2014,10:45:00,79.26
22/03/2014,11:00:00,79.84
22/03/2014,11:15:00,79.63
22/03/2014,11:30:00,79.31
22/03/2014,11:45:00,79.66
22/03/2014,12:00:00,80.33
22/03/2014,12:15:00,79.7
22/03/2014,12:30:00,80.63
22/03/2014,12:45:00,80.68
22/03/2014,13:00:00,79.52
22/03/2014,13:15:00,79.04
22/03/2014,13:30:00,80.07
22/03/2014,13:45:00,80.31
22/03/2014,14:00:00,80.43
22/03/2014,14:15:00,80.1
22/03/2014,14:30:00,81.16
22/03/2014,14:45:00,80.36
22/03/2014,15:00:00,80.3
22/03/2014,15:15:00,80.79
22/03/2014,15:30:00,80.01
22/03/2014,15:45:00,80.15
22/03/2014,16:00:00,80.8
22/03/2014,16:15:00,80.36
22/03/2014,16:30:00,80.43
22/03/2014,16:45:00,79.93
22/03/2014,17:00:00,79.84
22/03/2014,17:15:00,80.51
22/03/2014,17:30:00,79.96
22/03/2014,17:45:00,78.84
22/03/2014,18:00:00,79.82
22/03/2014,18:15:00,80.02
22/03/2014,18:30:00,79.42
22/03/2014,18:45:00,78.92
22/03/2014,19:00:00,80.21
22/03/2014,19:15:00,79.87
22/03/2014,19:30:00,79.66
22/03/2014,19:45:00,81.11
22/03/2014,20:00:00,80.74
22/03/2014,20:15:00,80.1
22/03/2014,20:30:00,80.97
22/03/2014,20:45:00,81.45
22/03/2014,21:00:00,78.59
22/03/2014,21:15:00,89.57
22/03/2014,21:30:00,91.53
22/03/2014,21:45:00,93.93
22/03/2014,22:00:00,93.02
22/03/2014,22:15:00,86.98
22/03/2014,22:30:00,100.06
22/03/2014,22:45:00,88.31
22/03/2014,23:00:00,92.66
22/03/2014,23:15:00,90.2
22/03/2014,23:30:00,84.93
22/03/2014,23:45:00,82.48
23/03/2014,0:00:00,82.05
23/03/2014,0:15:00,82.48
23/03/2014,0:30:00,82.42
23/03/2014,0:45:00,82.42
23/03/2014,1:00:00,81.35
23/03/2014,1:15:00,84.42
23/03/2014,1:30:00,82.4
23/03/2014,1:45:00,81.35
23/03/2014,2:00:00,84.19
23/03/2014,2:15:00,85.04
23/03/2014,2:30:00,82.2
23/03/2014,2:45:00,82.64
23/03/2014,3:00:00,83.3
23/03/2014,3:15:00,81.56
23/03/2014,3:30:00,83.3
23/03/2014,3:45:00,83.08
23/03/2014,4:00:00,83.3
23/03/2014,4:15:00,82.42
23/03/2014,4:30:00,81.78
23/03/2014,4:45:00,83.97
23/03/2014,5:00:00,84.65
23/03/2014,5:15:00,82.86
23/03/2014,5:30:00,83.5
23/03/2014,5:45:00,84.65
23/03/2014,6:00:00,86.55
23/03/2014,6:15:00,85.79
23/03/2014,6:30:00,84.72
23/03/2014,6:45:00,82.38
23/03/2014,7:00:00,82.84
23/03/2014,7:15:00,83.3
23/03/2014,7:30:00,82.7
23/03/2014,7:45:00,81.57
23/03/2014,8:00:00,82.48
23/03/2014,8:15:00,82.48
23/03/2014,8:30:00,82.35
23/03/2014,8:45:00,82.67
23/03/2014,9:00:00,82.59
23/03/2014,9:15:00,82.09
23/03/2014,9:30:00,81.31
23/03/2014,9:45:00,81.26
23/03/2014,10:00:00,80.36
23/03/2014,10:15:00,80.15
23/03/2014,10:30:00,80.32
23/03/2014,10:45:00,80.3
23/03/2014,11:00:00,79.78
23/03/2014,11:15:00,80.3
23/03/2014,11:30:00,80.02
23/03/2014,11:45:00,80.06
23/03/2014,12:00:00,80.14
23/03/2014,12:15:00,79.5
23/03/2014,12:30:00,79.62
23/03/2014,12:45:00,80.05
23/03/2014,13:00:00,79.75
23/03/2014,13:15:00,80.22
23/03/2014,13:30:00,80.44
23/03/2014,13:45:00,79.76
23/03/2014,14:00:00,79.67
23/03/2014,14:15:00,80.04
23/03/2014,14:30:00,79.79
23/03/2014,14:45:00,79.82
23/03/2014,15:00:00,79.76
23/03/2014,15:15:00,79.78
23/03/2014,15:30:00,79.16
23/03/2014,15:45:00,77.4
23/03/2014,16:00:00,78.88
23/03/2014,16:15:00,78.53
23/03/2014,16:30:00,78.59
23/03/2014,16:45:00,77.93
23/03/2014,17:00:00,78.49
23/03/2014,17:15:00,78.1
23/03/2014,17:30:00,78.19
23/03/2014,17:45:00,74.01
23/03/2014,18:00:00,74.57
23/03/2014,18:15:00,69.84
23/03/2014,18:30:00,77.69
23/03/2014,18:45:00,77.97
23/03/2014,19:00:00,77.38
23/03/2014,19:15:00,79.3
23/03/2014,19:30:00,79.8
23/03/2014,19:45:00,79.51
23/03/2014,20:00:00,80.02
23/03/2014,20:15:00,81
23/03/2014,20:30:00,80.84
23/03/2014,20:45:00,81.18
23/03/2014,21:00:00,81.39
23/03/2014,21:15:00,81.52
23/03/2014,21:30:00,80.53
23/03/2014,21:45:00,80.79
23/03/2014,22:00:00,90.16
23/03/2014,22:15:00,94.9
23/03/2014,22:30:00,90.55
23/03/2014,22:45:00,89.23
23/03/2014,23:00:00,98.18
23/03/2014,23:15:00,74.34
23/03/2014,23:30:00,98.49
23/03/2014,23:45:00,90.52
24/03/2014,0:00:00,99.11
24/03/2014,0:15:00,84.42
24/03/2014,0:30:00,79.72
24/03/2014,0:45:00,103.03
24/03/2014,1:00:00,96.07
24/03/2014,1:15:00,94.62
24/03/2014,1:30:00,98.49
24/03/2014,1:45:00,79.29
24/03/2014,2:00:00,100.06
24/03/2014,2:15:00,96.97
24/03/2014,2:30:00,101.36
24/03/2014,2:45:00,97.88
24/03/2014,3:00:00,87
24/03/2014,3:15:00,96.37
24/03/2014,3:30:00,89.49
24/03/2014,3:45:00,86.79
24/03/2014,4:00:00,83.83
24/03/2014,4:15:00,84.66
24/03/2014,4:30:00,83.83
24/03/2014,4:45:00,82.23
24/03/2014,5:00:00,82.08
24/03/2014,5:15:00,81.07
24/03/2014,5:30:00,80.78
24/03/2014,5:45:00,79.53
24/03/2014,6:00:00,79.86
24/03/2014,6:15:00,78.08
24/03/2014,6:30:00,78.2
24/03/2014,6:45:00,58.37
24/03/2014,7:00:00,33.26
24/03/2014,7:15:00,30.12
24/03/2014,7:30:00,27.73
24/03/2014,7:45:00,31.12
24/03/2014,8:00:00,29.39
24/03/2014,8:15:00,43.54
24/03/2014,8:30:00,36.96
24/03/2014,8:45:00,31.11
24/03/2014,9:00:00,32.88
24/03/2014,9:15:00,33.23
24/03/2014,9:30:00,35.72
24/03/2014,9:45:00,28.15
24/03/2014,10:00:00,27.37
24/03/2014,10:15:00,30.23
24/03/2014,10:30:00,37.62
24/03/2014,10:45:00,44.7
24/03/2014,11:00:00,62.39
24/03/2014,11:15:00,79.71
24/03/2014,11:30:00,80.66
24/03/2014,11:45:00,79.94
24/03/2014,12:00:00,79.84
24/03/2014,12:15:00,80.49
24/03/2014,12:30:00,80.68
24/03/2014,12:45:00,79.99
24/03/2014,13:00:00,80.66
24/03/2014,13:15:00,80.71
24/03/2014,13:30:00,80.19
24/03/2014,13:45:00,80.12
24/03/2014,14:00:00,80.16
24/03/2014,14:15:00,79.75
24/03/2014,14:30:00,79.24
24/03/2014,14:45:00,79.76
24/03/2014,15:00:00,79.79
24/03/2014,15:15:00,79.93
24/03/2014,15:30:00,79.79
24/03/2014,15:45:00,79.78
24/03/2014,16:00:00,79.36
24/03/2014,16:15:00,79.79
24/03/2014,16:30:00,79.24
24/03/2014,16:45:00,79.35
24/03/2014,17:00:00,80.02
24/03/2014,17:15:00,79.76
24/03/2014,17:30:00,79.79
24/03/2014,17:45:00,79.86
24/03/2014,18:00:00,79.79
24/03/2014,18:15:00,80.23
24/03/2014,18:30:00,81.12
24/03/2014,18:45:00,81.03
24/03/2014,19:00:00,80.67
24/03/2014,19:15:00,81.43
24/03/2014,19:30:00,81.56
24/03/2014,19:45:00,82.03
24/03/2014,20:00:00,82.47
24/03/2014,20:15:00,81.69
24/03/2014,20:30:00,81.45
24/03/2014,20:45:00,82.85
24/03/2014,21:00:00,83.19
24/03/2014,21:15:00,82.52
24/03/2014,21:30:00,83.07
24/03/2014,21:45:00,83.96
24/03/2014,22:00:00,81.99
24/03/2014,22:15:00,84.52
24/03/2014,22:30:00,84.7
24/03/2014,22:45:00,84.31
24/03/2014,23:00:00,83.94
24/03/2014,23:15:00,83.71
24/03/2014,23:30:00,84.52
24/03/2014,23:45:00,83.08
25/03/2014,0:00:00,82.42
25/03/2014,0:15:00,83.74
25/03/2014,0:30:00,85.11
25/03/2014,0:45:00,83.52
25/03/2014,1:00:00,81.56
25/03/2014,1:15:00,85.11
25/03/2014,1:30:00,81.35
25/03/2014,1:45:00,84.38
25/03/2014,2:00:00,84.38
25/03/2014,2:15:00,86.04
25/03/2014,2:30:00,85.57
25/03/2014,2:45:00,83.3
25/03/2014,3:00:00,82.86
25/03/2014,3:15:00,83.08
25/03/2014,3:30:00,83.52
25/03/2014,3:45:00,81.78
25/03/2014,4:00:00,83.59
25/03/2014,4:15:00,82.78
25/03/2014,4:30:00,83.39
25/03/2014,4:45:00,82.62
25/03/2014,5:00:00,82.16
25/03/2014,5:15:00,82.28
25/03/2014,5:30:00,81.98
25/03/2014,5:45:00,81.55
25/03/2014,6:00:00,80.68
25/03/2014,6:15:00,79.1
25/03/2014,6:30:00,78.78
25/03/2014,6:45:00,76.39
25/03/2014,7:00:00,77.31
25/03/2014,7:15:00,74.69
25/03/2014,7:30:00,69.49
25/03/2014,7:45:00,42.93
25/03/2014,8:00:00,41.2
25/03/2014,8:15:00,42.77
25/03/2014,8:30:00,63.07
25/03/2014,8:45:00,60.95
25/03/2014,9:00:00,56.56
25/03/2014,9:15:00,64.3
25/03/2014,9:30:00,77.13
25/03/2014,9:45:00,79.48
25/03/2014,10:00:00,79.17
25/03/2014,10:15:00,79.68
25/03/2014,10:30:00,79.35
25/03/2014,10:45:00,79.41
25/03/2014,11:00:00,80.29
25/03/2014,11:15:00,78.83
25/03/2014,11:30:00,56.4
25/03/2014,11:45:00,34.92
25/03/2014,12:00:00,25.88
25/03/2014,12:15:00,28.13
25/03/2014,12:30:00,32.81
25/03/2014,12:45:00,39.18
25/03/2014,13:00:00,59.41
25/03/2014,13:15:00,76.71
25/03/2014,13:30:00,80.61
25/03/2014,13:45:00,80.44
25/03/2014,14:00:00,80.01
25/03/2014,14:15:00,79.49
25/03/2014,14:30:00,79.97
25/03/2014,14:45:00,79.81
25/03/2014,15:00:00,78.88
25/03/2014,15:15:00,78.29
25/03/2014,15:30:00,78.27
25/03/2014,15:45:00,78.58
25/03/2014,16:00:00,78.16
25/03/2014,16:15:00,77.91
25/03/2014,16:30:00,77.92
25/03/2014,16:45:00,78.34
25/03/2014,17:00:00,78.4
25/03/2014,17:15:00,79.65
25/03/2014,17:30:00,79.07
25/03/2014,17:45:00,79.39
25/03/2014,18:00:00,79.69
25/03/2014,18:15:00,80.52
25/03/2014,18:30:00,80.64
25/03/2014,18:45:00,81.05
25/03/2014,19:00:00,80.32
25/03/2014,19:15:00,80.83
25/03/2014,19:30:00,81.53
25/03/2014,19:45:00,82.29
25/03/2014,20:00:00,81.9
25/03/2014,20:15:00,82.16
25/03/2014,20:30:00,82.04
25/03/2014,20:45:00,82.32
25/03/2014,21:00:00,82.93
25/03/2014,21:15:00,83.09
25/03/2014,21:30:00,83.32
25/03/2014,21:45:00,83.08
26/03/2014,3:30:00,85.57
26/03/2014,3:45:00,83.74
26/03/2014,4:00:00,83.74
26/03/2014,4:15:00,83.91
26/03/2014,4:30:00,85.68
26/03/2014,4:45:00,84.4
26/03/2014,5:00:00,83.3
26/03/2014,5:15:00,82.47
26/03/2014,5:30:00,82.71
26/03/2014,5:45:00,82.43
26/03/2014,6:00:00,81.39
26/03/2014,6:15:00,79.94
26/03/2014,6:30:00,79.98
26/03/2014,6:45:00,79.17
26/03/2014,7:00:00,79.49
26/03/2014,7:15:00,64.49
26/03/2014,3:15:00,83.97
26/03/2014,3:00:00,84.65
26/03/2014,2:45:00,83.74
26/03/2014,2:30:00,84.42
26/03/2014,12:15:00,80.97
26/03/2014,12:30:00,80.76
26/03/2014,12:45:00,80.46
26/03/2014,13:00:00,79.93
26/03/2014,13:15:00,80.79
26/03/2014,13:30:00,80.66
26/03/2014,13:45:00,79.96
26/03/2014,14:00:00,81.01
26/03/2014,14:15:00,80.34
26/03/2014,14:30:00,80.62
26/03/2014,14:45:00,80.04
26/03/2014,15:00:00,79.56
26/03/2014,15:15:00,78.79
26/03/2014,15:30:00,80.05
26/03/2014,15:45:00,78.46
26/03/2014,16:00:00,79.93
26/03/2014,16:15:00,79.2
26/03/2014,16:30:00,78.9
26/03/2014,2:15:00,83.3
26/03/2014,2:00:00,83.78
26/03/2014,1:45:00,85.57
26/03/2014,1:30:00,83.05
26/03/2014,1:15:00,85.11
26/03/2014,1:00:00,83.52
26/03/2014,0:45:00,84.71
26/03/2014,0:30:00,85.81
26/03/2014,0:15:00,85.39
26/03/2014,0:00:00,83.44
25/03/2014,23:45:00,82.84
26/03/2014,19:30:00,41.52
26/03/2014,19:45:00,34.09
26/03/2014,20:00:00,38.72
26/03/2014,20:15:00,64.22
26/03/2014,20:30:00,82.01
26/03/2014,20:45:00,82.1
26/03/2014,21:00:00,82.41
25/03/2014,23:30:00,83.74
25/03/2014,23:15:00,83.91
26/03/2014,21:45:00,82.36
26/03/2014,22:00:00,83.19
26/03/2014,22:15:00,81.91
26/03/2014,22:30:00,82.31
26/03/2014,22:45:00,83.38
26/03/2014,23:00:00,82.49
26/03/2014,23:15:00,83.08
26/03/2014,23:30:00,83.77
26/03/2014,23:45:00,82.2
27/03/2014,0:00:00,90.64
27/03/2014,0:15:00,85.36
27/03/2014,0:30:00,82.2
27/03/2014,0:45:00,86.74
27/03/2014,1:00:00,83.08
27/03/2014,1:15:00,86.28
27/03/2014,1:30:00,84.88
27/03/2014,1:45:00,83.3
27/03/2014,2:00:00,84.19
25/03/2014,23:00:00,83.42
25/03/2014,22:45:00,82.98
27/03/2014,2:45:00,84.19
27/03/2014,3:00:00,83.74
27/03/2014,3:15:00,83.74
27/03/2014,3:30:00,82.2
27/03/2014,3:45:00,82.86
27/03/2014,4:00:00,83.08
27/03/2014,4:15:00,83.33
27/03/2014,4:30:00,82.38
27/03/2014,4:45:00,83.13
27/03/2014,5:00:00,82.93
27/03/2014,5:15:00,82.54
27/03/2014,5:30:00,82.78
27/03/2014,5:45:00,81.72
27/03/2014,6:00:00,80.95
27/03/2014,6:15:00,78.83
27/03/2014,6:30:00,61.63
27/03/2014,6:45:00,77.93
27/03/2014,7:00:00,79.39
27/03/2014,7:15:00,79.8
27/03/2014,7:30:00,77.75
27/03/2014,7:45:00,68.64
27/03/2014,8:00:00,79.16
27/03/2014,8:15:00,79.08
27/03/2014,8:30:00,79.17
27/03/2014,8:45:00,79.58
27/03/2014,9:00:00,80.25
27/03/2014,9:15:00,79.77
27/03/2014,9:30:00,79.96
27/03/2014,9:45:00,79.83
27/03/2014,10:00:00,71.21
27/03/2014,10:15:00,62.03
27/03/2014,10:30:00,62.9
25/03/2014,22:30:00,83.22
25/03/2014,22:15:00,81.14
25/03/2014,22:00:00,82.58
26/03/2014,11:15:00,81.17
26/03/2014,11:00:00,80.97
26/03/2014,10:45:00,80.01
26/03/2014,10:30:00,80.33
26/03/2014,10:15:00,80.78
26/03/2014,10:00:00,79.95
26/03/2014,9:45:00,79.99
26/03/2014,9:30:00,77.42
26/03/2014,9:15:00,58.86
26/03/2014,9:00:00,46.7
26/03/2014,8:45:00,33.63
26/03/2014,8:30:00,29.09
26/03/2014,8:15:00,33.83
26/03/2014,8:00:00,48.33
26/03/2014,7:45:00,61.03
26/03/2014,7:30:00,60.7
26/03/2014,11:30:00,80.78
26/03/2014,11:45:00,80.84
26/03/2014,12:00:00,80.15
26/03/2014,16:45:00,79.81
26/03/2014,17:00:00,78.98
26/03/2014,17:15:00,79.07
26/03/2014,17:30:00,78.97
26/03/2014,17:45:00,79.33
26/03/2014,18:00:00,79.65
26/03/2014,18:15:00,78.41
26/03/2014,18:30:00,79.11
26/03/2014,18:45:00,78.79
26/03/2014,19:00:00,80
26/03/2014,19:15:00,80.87
26/03/2014,21:15:00,81.65
26/03/2014,21:30:00,83.12
27/03/2014,2:15:00,84.19
27/03/2014,2:30:00,84.88
27/03/2014,10:45:00,60.02
27/03/2014,11:00:00,67.12
27/03/2014,11:15:00,68.51
27/03/2014,11:30:00,75.54
27/03/2014,11:45:00,77.85
27/03/2014,12:00:00,79.76
27/03/2014,12:15:00,79.57
27/03/2014,12:30:00,80.06
27/03/2014,12:45:00,79.62
27/03/2014,13:00:00,79.04
27/03/2014,13:15:00,79.72
27/03/2014,13:30:00,79.52
27/03/2014,13:45:00,79.7
27/03/2014,14:00:00,79.77
27/03/2014,14:15:00,78.09
27/03/2014,14:30:00,79.39
27/03/2014,14:45:00,79.68
27/03/2014,15:00:00,79.44
27/03/2014,15:15:00,79.2
27/03/2014,15:30:00,78.94
27/03/2014,15:45:00,78.98
27/03/2014,16:00:00,78.71
27/03/2014,16:15:00,78.37
27/03/2014,16:30:00,77.06
27/03/2014,16:45:00,77.43
27/03/2014,17:00:00,77.21
27/03/2014,17:15:00,77.83
27/03/2014,17:30:00,77.56
27/03/2014,17:45:00,76.12
27/03/2014,18:00:00,76.81
27/03/2014,18:15:00,77.35
27/03/2014,18:30:00,77.77
27/03/2014,18:45:00,78.31
27/03/2014,19:00:00,78.02
27/03/2014,19:15:00,78.68
27/03/2014,19:30:00,79.8
27/03/2014,19:45:00,79.89
27/03/2014,20:00:00,80.54
27/03/2014,20:15:00,81.66
27/03/2014,20:30:00,75.03
27/03/2014,20:45:00,80.83
27/03/2014,21:00:00,82.19
27/03/2014,21:15:00,81.86
27/03/2014,21:30:00,83.53
27/03/2014,21:45:00,83.34
27/03/2014,22:00:00,84.27
27/03/2014,22:15:00,83.3
27/03/2014,22:30:00,85.62
27/03/2014,22:45:00,85.42
27/03/2014,23:00:00,86.16
27/03/2014,23:15:00,82.9
27/03/2014,23:30:00,82.2
27/03/2014,23:45:00,85.39
28/03/2014,0:00:00,82.64
28/03/2014,0:15:00,83.52
28/03/2014,0:30:00,84.42
28/03/2014,0:45:00,86.65
28/03/2014,1:00:00,84.65
28/03/2014,1:15:00,80.93
28/03/2014,1:30:00,81.56
28/03/2014,1:45:00,84.65
28/03/2014,2:00:00,81.99
28/03/2014,2:15:00,82.2
28/03/2014,2:30:00,83.97
28/03/2014,2:45:00,83.85
28/03/2014,3:00:00,82.86
28/03/2014,3:15:00,83.08
28/03/2014,3:30:00,82.86
28/03/2014,3:45:00,84.88
28/03/2014,4:00:00,84.66
28/03/2014,4:15:00,84.58
28/03/2014,4:30:00,83.8
28/03/2014,4:45:00,83.46
28/03/2014,5:00:00,83.3
28/03/2014,5:15:00,82.25
28/03/2014,5:30:00,82.85
28/03/2014,5:45:00,82.15
28/03/2014,6:00:00,81.73
28/03/2014,6:15:00,81.23
28/03/2014,6:30:00,80.82
28/03/2014,6:45:00,80.97
28/03/2014,7:00:00,80.79
28/03/2014,7:15:00,80.59
28/03/2014,7:30:00,80.26
28/03/2014,7:45:00,80.25
28/03/2014,8:00:00,81.18
28/03/2014,8:15:00,80.3
28/03/2014,8:30:00,80.68
28/03/2014,8:45:00,80.64
28/03/2014,9:00:00,80.16
28/03/2014,9:15:00,80.23
28/03/2014,9:30:00,80.04
28/03/2014,9:45:00,80.74
28/03/2014,10:00:00,79.46
28/03/2014,10:15:00,79.27
28/03/2014,10:30:00,79.61
28/03/2014,10:45:00,78.91
28/03/2014,11:00:00,75.96
28/03/2014,11:15:00,74.59
28/03/2014,11:30:00,75.17
28/03/2014,11:45:00,76.25
28/03/2014,12:00:00,79.37
28/03/2014,12:15:00,79.32
28/03/2014,12:30:00,79.47
28/03/2014,12:45:00,79.05
28/03/2014,13:00:00,79.31
28/03/2014,13:15:00,79.24
28/03/2014,13:30:00,78.36
28/03/2014,13:45:00,78.81
28/03/2014,14:00:00,78.58
28/03/2014,14:15:00,78.82
28/03/2014,14:30:00,72.43
28/03/2014,14:45:00,77.86
28/03/2014,15:00:00,79
28/03/2014,15:15:00,78.69
28/03/2014,15:30:00,78.98
28/03/2014,15:45:00,78.79
28/03/2014,16:00:00,79.02
28/03/2014,16:15:00,78.98
28/03/2014,16:30:00,79.21
28/03/2014,16:45:00,79.15
28/03/2014,17:00:00,79.78
28/03/2014,17:15:00,79.38
28/03/2014,17:30:00,79.74
28/03/2014,17:45:00,79.96
28/03/2014,18:00:00,79.98
28/03/2014,18:15:00,79.78
28/03/2014,18:30:00,80.25
28/03/2014,18:45:00,79.51
28/03/2014,19:00:00,80.19
28/03/2014,19:15:00,79.95
28/03/2014,19:30:00,80.62
28/03/2014,19:45:00,80.99
28/03/2014,20:00:00,80.91
28/03/2014,20:15:00,80.77
28/03/2014,20:30:00,81.78
28/03/2014,20:45:00,81.26
28/03/2014,21:00:00,81.24
28/03/2014,21:15:00,82.3
28/03/2014,21:30:00,84.16
28/03/2014,21:45:00,80.55
28/03/2014,22:00:00,77.85
28/03/2014,22:15:00,82.87
28/03/2014,22:30:00,83.55
28/03/2014,22:45:00,84.06
28/03/2014,23:00:00,81.97
28/03/2014,23:15:00,87.69
28/03/2014,23:30:00,86.16
28/03/2014,23:45:00,83.64
29/03/2014,0:00:00,84.96
29/03/2014,0:15:00,88.91
29/03/2014,0:30:00,84.74
29/03/2014,0:45:00,89.63
29/03/2014,1:00:00,86.38
29/03/2014,1:15:00,86.76
29/03/2014,1:30:00,84.88
29/03/2014,1:45:00,79.49
29/03/2014,2:00:00,85.9
29/03/2014,2:15:00,84.19
29/03/2014,2:30:00,83.74
29/03/2014,2:45:00,83.52
29/03/2014,3:00:00,86.28
29/03/2014,3:15:00,82.35
29/03/2014,3:30:00,84.42
29/03/2014,3:45:00,83.3
29/03/2014,4:00:00,84
29/03/2014,4:15:00,86.93
29/03/2014,4:30:00,84.88
29/03/2014,4:45:00,82.42
29/03/2014,5:00:00,84.69
29/03/2014,5:15:00,83.45
29/03/2014,5:30:00,84.39
29/03/2014,5:45:00,86.32
29/03/2014,6:00:00,83.71
29/03/2014,6:15:00,84.03
29/03/2014,6:30:00,83.25
29/03/2014,6:45:00,82.59
29/03/2014,7:00:00,82.87
29/03/2014,7:15:00,81.91
29/03/2014,7:30:00,82.14
29/03/2014,7:45:00,81.56
29/03/2014,8:00:00,82
29/03/2014,8:15:00,81.61
29/03/2014,8:30:00,80.87
29/03/2014,8:45:00,80.7
29/03/2014,9:00:00,80.38
29/03/2014,9:15:00,79.96
29/03/2014,9:30:00,79.7
29/03/2014,9:45:00,79.9
29/03/2014,10:00:00,79.69
29/03/2014,10:15:00,79.15
29/03/2014,10:30:00,78.98
29/03/2014,10:45:00,79.51
29/03/2014,11:00:00,79.32
29/03/2014,11:15:00,79.23
29/03/2014,11:30:00,79.23
29/03/2014,11:45:00,79.17
29/03/2014,12:00:00,78.14
29/03/2014,12:15:00,79.39
29/03/2014,12:30:00,79.2
29/03/2014,12:45:00,80.11
29/03/2014,13:00:00,79.97
29/03/2014,13:15:00,80.43
29/03/2014,13:30:00,80.69
29/03/2014,13:45:00,80.45
29/03/2014,14:00:00,80.81
29/03/2014,14:15:00,80.39
29/03/2014,14:30:00,80.82
29/03/2014,14:45:00,80.6
29/03/2014,15:00:00,80.87
29/03/2014,15:15:00,80.84
29/03/2014,15:30:00,80.88
29/03/2014,15:45:00,81.21
29/03/2014,16:00:00,80.33
29/03/2014,16:15:00,80.5
29/03/2014,16:30:00,80.39
29/03/2014,16:45:00,80.59
29/03/2014,17:00:00,81.26
29/03/2014,17:15:00,80.3
29/03/2014,17:30:00,80.29
29/03/2014,17:45:00,79.44
29/03/2014,18:00:00,79.8
29/03/2014,18:15:00,80.72
29/03/2014,18:30:00,80.3
29/03/2014,18:45:00,80.82
29/03/2014,19:00:00,80.25
29/03/2014,19:15:00,79.79
29/03/2014,19:30:00,80.92
29/03/2014,19:45:00,80.75
29/03/2014,20:00:00,81.03
29/03/2014,20:15:00,80.67
29/03/2014,20:30:00,81.3
29/03/2014,20:45:00,82.21
29/03/2014,21:00:00,81.63
29/03/2014,21:15:00,81.76
29/03/2014,21:30:00,80.22
29/03/2014,21:45:00,80.54
29/03/2014,22:00:00,81.26
29/03/2014,22:15:00,82.1
29/03/2014,22:30:00,81.63
29/03/2014,22:45:00,81.46
29/03/2014,23:00:00,83.25
29/03/2014,23:15:00,82.75
29/03/2014,23:30:00,85.59
29/03/2014,23:45:00,84.22
30/03/2014,0:00:00,81.99
30/03/2014,0:15:00,83.97
30/03/2014,0:30:00,82.56
30/03/2014,0:45:00,84.79
30/03/2014,1:00:00,84.88
30/03/2014,1:15:00,85.81
30/03/2014,1:30:00,88.47
30/03/2014,1:45:00,88.47
30/03/2014,2:00:00,92.11
30/03/2014,2:15:00,105.1
30/03/2014,2:30:00,105.1
30/03/2014,2:45:00,81.78
30/03/2014,3:00:00,87
30/03/2014,3:15:00,82.2
30/03/2014,3:30:00,84.06
30/03/2014,3:45:00,83.52
30/03/2014,4:00:00,81.35
30/03/2014,4:15:00,83.52
30/03/2014,4:30:00,86.04
30/03/2014,4:45:00,88.3
30/03/2014,5:00:00,86.1
30/03/2014,5:15:00,85.78
30/03/2014,5:30:00,83.8
30/03/2014,5:45:00,83.3
30/03/2014,6:00:00,84.65
30/03/2014,6:15:00,83.78
30/03/2014,6:30:00,83.25
30/03/2014,6:45:00,84.63
30/03/2014,7:00:00,84.1
30/03/2014,7:15:00,84.82
30/03/2014,7:30:00,83.29
30/03/2014,7:45:00,83.36
30/03/2014,8:00:00,82.82
30/03/2014,8:15:00,84.13
30/03/2014,8:30:00,82.8
30/03/2014,8:45:00,82.98
30/03/2014,9:00:00,82.56
30/03/2014,9:15:00,82.39
30/03/2014,9:30:00,81.41
30/03/2014,9:45:00,81.37
30/03/2014,10:00:00,81.48
30/03/2014,10:15:00,80.16
30/03/2014,10:30:00,79.65
30/03/2014,10:45:00,79.43
30/03/2014,11:00:00,79.15
30/03/2014,11:15:00,79.89
30/03/2014,11:30:00,79.25
30/03/2014,11:45:00,79.59
30/03/2014,12:00:00,79.66
30/03/2014,12:15:00,79.49
30/03/2014,12:30:00,79.93
30/03/2014,12:45:00,80.01
30/03/2014,13:00:00,80.06
30/03/2014,13:15:00,80.12
30/03/2014,13:30:00,80.38
30/03/2014,13:45:00,79.5
30/03/2014,14:00:00,79.8
30/03/2014,14:15:00,80.42
30/03/2014,14:30:00,79.83
30/03/2014,14:45:00,80.24
30/03/2014,15:00:00,79.74
30/03/2014,15:15:00,79.88
30/03/2014,15:30:00,79.73
30/03/2014,15:45:00,79.41
30/03/2014,16:00:00,79.36
30/03/2014,16:15:00,79.25
30/03/2014,16:30:00,79.04
30/03/2014,16:45:00,78.32
30/03/2014,17:00:00,78.84
30/03/2014,17:15:00,79.37
30/03/2014,17:30:00,79.19
30/03/2014,17:45:00,78.74
30/03/2014,18:00:00,79.74
30/03/2014,18:15:00,80
30/03/2014,18:30:00,78.55
30/03/2014,18:45:00,78.8
30/03/2014,19:00:00,80.22
30/03/2014,19:15:00,79.91
30/03/2014,19:30:00,79.59
30/03/2014,19:45:00,79.59
30/03/2014,20:00:00,79.69
30/03/2014,20:15:00,80.01
30/03/2014,20:30:00,80.18
30/03/2014,20:45:00,80.2
30/03/2014,21:00:00,80.61
30/03/2014,21:15:00,80.53
30/03/2014,21:30:00,81.25
30/03/2014,21:45:00,81.69
30/03/2014,22:00:00,82.03
30/03/2014,22:15:00,82.51
30/03/2014,22:30:00,82.31
30/03/2014,22:45:00,83.26
30/03/2014,23:00:00,83.22
30/03/2014,23:15:00,80.86
30/03/2014,23:30:00,81.05
30/03/2014,23:45:00,79.89
31/03/2014,0:00:00,81.95
31/03/2014,0:15:00,83.08
31/03/2014,0:30:00,82.72
31/03/2014,0:45:00,86.62
31/03/2014,1:00:00,83.3
31/03/2014,1:15:00,81.35
31/03/2014,1:30:00,85.11
31/03/2014,1:45:00,85.43
31/03/2014,2:00:00,84.42
31/03/2014,2:15:00,83.97
31/03/2014,2:30:00,85.81
31/03/2014,2:45:00,84.97
31/03/2014,3:00:00,87.65
31/03/2014,3:15:00,84.17
31/03/2014,3:30:00,84.14
31/03/2014,3:45:00,84.57
31/03/2014,4:00:00,83.85
31/03/2014,4:15:00,83.31
31/03/2014,4:30:00,83.12
31/03/2014,4:45:00,82.89
31/03/2014,5:00:00,83.03
31/03/2014,5:15:00,80.97
31/03/2014,5:30:00,80.51
31/03/2014,5:45:00,79.95
31/03/2014,6:00:00,78.77
31/03/2014,6:15:00,78.17
31/03/2014,6:30:00,77.72
31/03/2014,6:45:00,72.85
31/03/2014,7:00:00,39.87
31/03/2014,7:15:00,27.61
31/03/2014,7:30:00,24.69
31/03/2014,7:45:00,20
31/03/2014,8:00:00,20.05
31/03/2014,8:15:00,24.29
31/03/2014,8:30:00,28.28
31/03/2014,8:45:00,38.59
31/03/2014,9:00:00,48.4
31/03/2014,9:15:00,42.1
31/03/2014,9:30:00,39.08
31/03/2014,9:45:00,59.01
31/03/2014,10:00:00,50.95
31/03/2014,10:15:00,50.67
31/03/2014,10:30:00,77.53
31/03/2014,10:45:00,76.89
31/03/2014,11:00:00,65.58
31/03/2014,11:15:00,78.21
31/03/2014,11:30:00,79.72
31/03/2014,11:45:00,80.2
31/03/2014,12:00:00,79.67
31/03/2014,12:15:00,80.98
31/03/2014,12:30:00,80.3
31/03/2014,12:45:00,80.27
31/03/2014,13:00:00,80.2
31/03/2014,13:15:00,80.25
31/03/2014,13:30:00,80.1
31/03/2014,13:45:00,80.62
31/03/2014,14:00:00,80.28
31/03/2014,14:15:00,80.32
31/03/2014,14:30:00,80.03
31/03/2014,14:45:00,80.3
31/03/2014,15:00:00,78.29
31/03/2014,15:15:00,79.97
31/03/2014,15:30:00,80.98
31/03/2014,15:45:00,80.98
31/03/2014,16:00:00,80.13
31/03/2014,16:15:00,80.02
31/03/2014,16:30:00,80.14
31/03/2014,16:45:00,80.38
31/03/2014,17:00:00,80.72
31/03/2014,17:15:00,80.94
31/03/2014,17:30:00,79.74
31/03/2014,17:45:00,80.16
31/03/2014,18:00:00,80.29
31/03/2014,18:15:00,80.94
31/03/2014,18:30:00,81.79
31/03/2014,18:45:00,81.41
31/03/2014,19:00:00,82.11
31/03/2014,19:15:00,81.29
31/03/2014,19:30:00,81.3
31/03/2014,19:45:00,81.07
31/03/2014,20:00:00,80.23
31/03/2014,20:15:00,80.75
31/03/2014,20:30:00,80.94
31/03/2014,20:45:00,81.12
31/03/2014,21:00:00,81.53
31/03/2014,21:15:00,81.82
31/03/2014,21:30:00,82.21
31/03/2014,21:45:00,82.59
31/03/2014,22:00:00,83.27
31/03/2014,22:15:00,82.82
31/03/2014,22:30:00,82.15
31/03/2014,22:45:00,82.81
31/03/2014,23:00:00,84.1
31/03/2014,23:15:00,86.76
31/03/2014,23:30:00,83.97
31/03/2014,23:45:00,82.42
