DATE,TIME,FLOW
01/03/2014,0:00:00,56
01/03/2014,0:15:00,58
01/03/2014,0:30:00,59
01/03/2014,0:45:00,45
01/03/2014,1:00:00,40
01/03/2014,1:15:00,49
01/03/2014,1:30:00,36
01/03/2014,1:45:00,39
01/03/2014,2:00:00,34
01/03/2014,2:15:00,30
01/03/2014,2:30:00,29
01/03/2014,2:45:00,26
01/03/2014,3:00:00,21
01/03/2014,3:15:00,30
01/03/2014,3:30:00,25
01/03/2014,3:45:00,31
01/03/2014,4:00:00,32
01/03/2014,4:15:00,38
01/03/2014,4:30:00,43
01/03/2014,4:45:00,55
01/03/2014,5:00:00,46
01/03/2014,5:15:00,66
01/03/2014,5:30:00,66
01/03/2014,5:45:00,89
01/03/2014,6:00:00,111
01/03/2014,6:15:00,113
01/03/2014,6:30:00,133
01/03/2014,6:45:00,149
01/03/2014,7:00:00,154
01/03/2014,7:15:00,201
01/03/2014,7:30:00,216
01/03/2014,7:45:00,220
01/03/2014,8:00:00,279
01/03/2014,8:15:00,265
01/03/2014,8:30:00,329
01/03/2014,8:45:00,330
01/03/2014,9:00:00,406
01/03/2014,9:15:00,376
01/03/2014,9:30:00,449
01/03/2014,9:45:00,461
01/03/2014,10:00:00,565
01/03/2014,10:15:00,577
01/03/2014,10:30:00,573
01/03/2014,10:45:00,580
01/03/2014,11:00:00,663
01/03/2014,11:15:00,647
01/03/2014,11:30:00,625
01/03/2014,11:45:00,622
01/03/2014,12:00:00,610
01/03/2014,12:15:00,548
01/03/2014,12:30:00,586
01/03/2014,12:45:00,587
01/03/2014,13:00:00,556
01/03/2014,13:15:00,445
01/03/2014,13:30:00,492
01/03/2014,13:45:00,480
01/03/2014,14:00:00,485
01/03/2014,14:15:00,497
01/03/2014,14:30:00,441
01/03/2014,14:45:00,445
01/03/2014,15:00:00,458
01/03/2014,15:15:00,460
01/03/2014,15:30:00,456
01/03/2014,15:45:00,416
01/03/2014,16:00:00,451
01/03/2014,16:15:00,436
01/03/2014,16:30:00,440
01/03/2014,16:45:00,422
01/03/2014,17:00:00,455
01/03/2014,17:15:00,473
01/03/2014,17:30:00,546
01/03/2014,17:45:00,480
01/03/2014,18:00:00,444
01/03/2014,18:15:00,449
01/03/2014,18:30:00,389
01/03/2014,18:45:00,358
01/03/2014,19:00:00,344
01/03/2014,19:15:00,286
01/03/2014,19:30:00,273
01/03/2014,19:45:00,248
01/03/2014,20:00:00,230
01/03/2014,20:15:00,224
01/03/2014,20:30:00,168
01/03/2014,20:45:00,177
01/03/2014,21:00:00,152
01/03/2014,21:15:00,108
01/03/2014,21:30:00,113
01/03/2014,21:45:00,80
01/03/2014,22:00:00,105
01/03/2014,22:15:00,89
01/03/2014,22:30:00,99
01/03/2014,22:45:00,105
01/03/2014,23:00:00,120
01/03/2014,23:15:00,127
01/03/2014,23:30:00,112
01/03/2014,23:45:00,88
02/03/2014,0:00:00,65
02/03/2014,0:15:00,49
02/03/2014,0:30:00,58
02/03/2014,0:45:00,43
02/03/2014,1:00:00,39
02/03/2014,1:15:00,27
02/03/2014,1:30:00,39
02/03/2014,1:45:00,37
02/03/2014,2:00:00,28
02/03/2014,2:15:00,31
02/03/2014,2:30:00,34
02/03/2014,2:45:00,22
02/03/2014,3:00:00,34
02/03/2014,3:15:00,35
02/03/2014,3:30:00,24
02/03/2014,3:45:00,31
02/03/2014,4:00:00,23
02/03/2014,4:15:00,30
02/03/2014,4:30:00,37
02/03/2014,4:45:00,32
02/03/2014,5:00:00,41
02/03/2014,5:15:00,43
02/03/2014,5:30:00,55
02/03/2014,5:45:00,52
02/03/2014,6:00:00,54
02/03/2014,6:15:00,88
02/03/2014,6:30:00,105
02/03/2014,6:45:00,111
02/03/2014,7:00:00,162
02/03/2014,7:15:00,162
02/03/2014,7:30:00,215
02/03/2014,7:45:00,219
02/03/2014,8:00:00,309
02/03/2014,8:15:00,282
02/03/2014,8:30:00,318
02/03/2014,8:45:00,283
02/03/2014,9:00:00,308
02/03/2014,9:15:00,302
02/03/2014,9:30:00,289
02/03/2014,9:45:00,301
02/03/2014,10:00:00,323
02/03/2014,10:15:00,403
02/03/2014,10:30:00,414
02/03/2014,10:45:00,404
02/03/2014,11:00:00,501
02/03/2014,11:15:00,500
02/03/2014,11:30:00,524
02/03/2014,11:45:00,514
02/03/2014,12:00:00,531
02/03/2014,12:15:00,508
02/03/2014,12:30:00,536
02/03/2014,12:45:00,609
02/03/2014,13:00:00,577
02/03/2014,13:15:00,535
02/03/2014,13:30:00,539
02/03/2014,13:45:00,600
02/03/2014,14:00:00,603
02/03/2014,14:15:00,590
02/03/2014,14:30:00,610
02/03/2014,14:45:00,623
02/03/2014,15:00:00,714
02/03/2014,15:15:00,655
02/03/2014,15:30:00,642
02/03/2014,15:45:00,673
02/03/2014,16:00:00,721
02/03/2014,16:15:00,771
02/03/2014,16:30:00,765
02/03/2014,16:45:00,779
02/03/2014,17:00:00,782
02/03/2014,17:15:00,723
02/03/2014,17:30:00,649
02/03/2014,17:45:00,632
02/03/2014,18:00:00,602
02/03/2014,18:15:00,608
02/03/2014,18:30:00,534
02/03/2014,18:45:00,528
02/03/2014,19:00:00,544
02/03/2014,19:15:00,486
02/03/2014,19:30:00,535
02/03/2014,19:45:00,484
02/03/2014,20:00:00,362
02/03/2014,20:15:00,352
02/03/2014,20:30:00,326
02/03/2014,20:45:00,276
02/03/2014,21:00:00,268
02/03/2014,21:15:00,248
02/03/2014,21:30:00,205
02/03/2014,21:45:00,184
02/03/2014,22:00:00,164
02/03/2014,22:15:00,133
02/03/2014,22:30:00,106
02/03/2014,22:45:00,97
02/03/2014,23:00:00,82
02/03/2014,23:15:00,76
02/03/2014,23:30:00,61
02/03/2014,23:45:00,42
03/03/2014,0:00:00,47
03/03/2014,0:15:00,34
03/03/2014,0:30:00,38
03/03/2014,0:45:00,43
03/03/2014,1:00:00,26
03/03/2014,1:15:00,26
03/03/2014,1:30:00,23
03/03/2014,1:45:00,29
03/03/2014,2:00:00,29
03/03/2014,2:15:00,18
03/03/2014,2:30:00,19
03/03/2014,2:45:00,32
03/03/2014,3:00:00,32
03/03/2014,3:15:00,37
03/03/2014,3:30:00,55
03/03/2014,3:45:00,77
03/03/2014,4:00:00,107
03/03/2014,4:15:00,129
03/03/2014,4:30:00,200
03/03/2014,4:45:00,251
03/03/2014,5:00:00,295
03/03/2014,5:15:00,400
03/03/2014,5:30:00,425
03/03/2014,5:45:00,645
03/03/2014,6:00:00,685
03/03/2014,6:15:00,556
03/03/2014,6:30:00,488
03/03/2014,6:45:00,529
03/03/2014,7:00:00,534
03/03/2014,7:15:00,526
03/03/2014,7:30:00,529
03/03/2014,7:45:00,514
03/03/2014,8:00:00,552
03/03/2014,8:15:00,528
03/03/2014,8:30:00,559
03/03/2014,8:45:00,584
03/03/2014,9:00:00,590
03/03/2014,9:15:00,604
03/03/2014,9:30:00,761
03/03/2014,9:45:00,744
03/03/2014,10:00:00,743
03/03/2014,10:15:00,715
03/03/2014,10:30:00,852
03/03/2014,10:45:00,529
03/03/2014,11:00:00,538
03/03/2014,11:15:00,520
03/03/2014,11:30:00,534
03/03/2014,11:45:00,558
03/03/2014,12:00:00,531
03/03/2014,12:15:00,546
03/03/2014,12:30:00,522
03/03/2014,12:45:00,534
03/03/2014,13:00:00,556
03/03/2014,13:15:00,528
03/03/2014,13:30:00,516
03/03/2014,13:45:00,613
03/03/2014,14:00:00,575
03/03/2014,14:15:00,539
03/03/2014,14:30:00,520
03/03/2014,14:45:00,606
03/03/2014,15:00:00,589
03/03/2014,15:15:00,614
03/03/2014,15:30:00,610
03/03/2014,15:45:00,663
03/03/2014,16:00:00,664
03/03/2014,16:15:00,695
03/03/2014,16:30:00,800
03/03/2014,16:45:00,732
03/03/2014,17:00:00,700
03/03/2014,17:15:00,724
03/03/2014,17:30:00,736
03/03/2014,17:45:00,652
03/03/2014,18:00:00,555
03/03/2014,18:15:00,542
03/03/2014,18:30:00,513
03/03/2014,18:45:00,417
03/03/2014,19:00:00,323
03/03/2014,19:15:00,301
03/03/2014,19:30:00,265
03/03/2014,19:45:00,237
03/03/2014,20:00:00,226
03/03/2014,20:15:00,198
03/03/2014,20:30:00,177
03/03/2014,20:45:00,181
03/03/2014,21:00:00,150
03/03/2014,21:15:00,142
03/03/2014,21:30:00,86
03/03/2014,21:45:00,137
03/03/2014,22:00:00,109
03/03/2014,22:15:00,134
03/03/2014,22:30:00,162
03/03/2014,22:45:00,143
03/03/2014,23:00:00,142
03/03/2014,23:15:00,107
03/03/2014,23:30:00,88
03/03/2014,23:45:00,100
04/03/2014,0:00:00,95
04/03/2014,0:15:00,92
04/03/2014,0:30:00,87
04/03/2014,0:45:00,64
04/03/2014,1:00:00,66
04/03/2014,1:15:00,96
04/03/2014,1:30:00,70
04/03/2014,1:45:00,70
04/03/2014,2:00:00,70
04/03/2014,2:15:00,80
04/03/2014,2:30:00,73
04/03/2014,2:45:00,77
04/03/2014,3:00:00,79
04/03/2014,3:15:00,86
04/03/2014,3:30:00,61
04/03/2014,3:45:00,57
04/03/2014,4:00:00,33
04/03/2014,4:15:00,61
04/03/2014,4:30:00,73
04/03/2014,4:45:00,88
04/03/2014,5:00:00,163
04/03/2014,5:15:00,175
04/03/2014,5:30:00,235
04/03/2014,5:45:00,362
04/03/2014,6:00:00,467
04/03/2014,6:15:00,664
04/03/2014,6:30:00,753
04/03/2014,6:45:00,821
04/03/2014,7:00:00,847
04/03/2014,7:15:00,819
04/03/2014,7:30:00,526
04/03/2014,7:45:00,522
04/03/2014,8:00:00,705
04/03/2014,8:15:00,796
04/03/2014,8:30:00,845
04/03/2014,8:45:00,591
04/03/2014,9:00:00,756
04/03/2014,9:15:00,826
04/03/2014,9:30:00,440
04/03/2014,9:45:00,421
04/03/2014,10:00:00,674
04/03/2014,10:15:00,677
04/03/2014,10:30:00,481
04/03/2014,10:45:00,393
04/03/2014,11:00:00,442
04/03/2014,11:15:00,442
04/03/2014,11:30:00,433
04/03/2014,11:45:00,437
04/03/2014,12:00:00,477
04/03/2014,12:15:00,492
04/03/2014,12:30:00,493
04/03/2014,12:45:00,453
04/03/2014,13:00:00,480
04/03/2014,13:15:00,443
04/03/2014,13:30:00,606
04/03/2014,13:45:00,576
04/03/2014,14:00:00,543
04/03/2014,14:15:00,603
04/03/2014,14:30:00,573
04/03/2014,14:45:00,588
04/03/2014,15:00:00,603
04/03/2014,15:15:00,645
04/03/2014,15:30:00,674
04/03/2014,15:45:00,691
04/03/2014,16:00:00,713
04/03/2014,16:15:00,741
04/03/2014,16:30:00,844
04/03/2014,16:45:00,775
04/03/2014,17:00:00,783
04/03/2014,17:15:00,698
04/03/2014,17:30:00,720
04/03/2014,17:45:00,688
04/03/2014,18:00:00,599
04/03/2014,18:15:00,516
04/03/2014,18:30:00,444
04/03/2014,18:45:00,456
04/03/2014,19:00:00,372
04/03/2014,19:15:00,335
04/03/2014,19:30:00,275
04/03/2014,19:45:00,278
04/03/2014,20:00:00,196
04/03/2014,20:15:00,184
04/03/2014,20:30:00,169
04/03/2014,20:45:00,154
04/03/2014,21:00:00,123
04/03/2014,21:15:00,161
04/03/2014,21:30:00,207
04/03/2014,21:45:00,191
04/03/2014,22:00:00,213
04/03/2014,22:15:00,210
04/03/2014,22:30:00,145
04/03/2014,22:45:00,168
04/03/2014,23:00:00,134
04/03/2014,23:15:00,124
04/03/2014,23:30:00,122
04/03/2014,23:45:00,110
05/03/2014,0:00:00,102
05/03/2014,0:15:00,102
05/03/2014,0:30:00,98
05/03/2014,0:45:00,79
05/03/2014,1:00:00,72
05/03/2014,1:15:00,77
05/03/2014,1:30:00,59
05/03/2014,1:45:00,85
05/03/2014,2:00:00,87
05/03/2014,2:15:00,68
05/03/2014,2:30:00,63
05/03/2014,2:45:00,78
05/03/2014,3:00:00,85
05/03/2014,3:15:00,89
05/03/2014,3:30:00,100
05/03/2014,3:45:00,111
05/03/2014,4:00:00,125
05/03/2014,4:15:00,164
05/03/2014,4:30:00,189
05/03/2014,4:45:00,235
05/03/2014,5:00:00,154
05/03/2014,5:15:00,153
05/03/2014,5:30:00,250
05/03/2014,5:45:00,418
05/03/2014,6:00:00,455
05/03/2014,6:15:00,625
05/03/2014,6:30:00,688
05/03/2014,6:45:00,775
05/03/2014,7:00:00,835
05/03/2014,7:15:00,890
05/03/2014,7:30:00,479
05/03/2014,7:45:00,752
05/03/2014,8:00:00,864
05/03/2014,8:15:00,718
05/03/2014,8:30:00,721
05/03/2014,8:45:00,584
05/03/2014,9:00:00,673
05/03/2014,9:15:00,655
05/03/2014,9:30:00,565
05/03/2014,9:45:00,530
05/03/2014,10:00:00,560
05/03/2014,10:15:00,511
05/03/2014,10:30:00,473
05/03/2014,10:45:00,459
05/03/2014,11:00:00,497
05/03/2014,11:15:00,491
05/03/2014,11:30:00,524
05/03/2014,11:45:00,529
05/03/2014,12:00:00,571
05/03/2014,12:15:00,520
05/03/2014,12:30:00,507
05/03/2014,12:45:00,499
05/03/2014,13:00:00,548
05/03/2014,13:15:00,594
05/03/2014,13:30:00,588
05/03/2014,13:45:00,599
05/03/2014,14:00:00,648
05/03/2014,14:15:00,589
05/03/2014,14:30:00,683
05/03/2014,14:45:00,639
05/03/2014,15:00:00,699
05/03/2014,15:15:00,668
05/03/2014,15:30:00,725
05/03/2014,15:45:00,805
05/03/2014,16:00:00,765
05/03/2014,16:15:00,783
05/03/2014,16:30:00,860
05/03/2014,16:45:00,862
05/03/2014,17:00:00,801
05/03/2014,17:15:00,804
05/03/2014,17:30:00,713
05/03/2014,17:45:00,707
05/03/2014,18:00:00,595
05/03/2014,18:15:00,622
05/03/2014,18:30:00,546
05/03/2014,18:45:00,503
05/03/2014,19:00:00,411
05/03/2014,19:15:00,327
05/03/2014,19:30:00,280
05/03/2014,19:45:00,211
05/03/2014,20:00:00,217
05/03/2014,20:15:00,199
05/03/2014,20:30:00,178
05/03/2014,20:45:00,152
05/03/2014,21:00:00,223
05/03/2014,21:15:00,272
05/03/2014,21:30:00,233
05/03/2014,21:45:00,229
05/03/2014,22:00:00,228
05/03/2014,22:15:00,225
05/03/2014,22:30:00,188
05/03/2014,22:45:00,205
05/03/2014,23:00:00,166
05/03/2014,23:15:00,171
05/03/2014,23:30:00,115
05/03/2014,23:45:00,111
06/03/2014,0:00:00,105
06/03/2014,0:15:00,104
06/03/2014,0:30:00,87
06/03/2014,0:45:00,70
06/03/2014,1:00:00,70
06/03/2014,1:15:00,81
06/03/2014,1:30:00,88
06/03/2014,1:45:00,71
06/03/2014,2:00:00,74
06/03/2014,2:15:00,75
06/03/2014,2:30:00,71
06/03/2014,2:45:00,98
06/03/2014,3:00:00,92
06/03/2014,3:15:00,94
06/03/2014,3:30:00,96
06/03/2014,3:45:00,112
06/03/2014,4:00:00,128
06/03/2014,4:15:00,137
06/03/2014,4:30:00,214
06/03/2014,4:45:00,251
06/03/2014,5:00:00,155
06/03/2014,5:15:00,177
06/03/2014,5:30:00,261
06/03/2014,5:45:00,467
06/03/2014,6:00:00,461
06/03/2014,6:15:00,676
06/03/2014,6:30:00,725
06/03/2014,6:45:00,771
06/03/2014,7:00:00,802
06/03/2014,7:15:00,782
06/03/2014,7:30:00,718
06/03/2014,7:45:00,475
06/03/2014,8:00:00,545
06/03/2014,8:15:00,688
06/03/2014,8:30:00,853
06/03/2014,8:45:00,799
06/03/2014,9:00:00,596
06/03/2014,9:15:00,548
06/03/2014,9:30:00,544
06/03/2014,9:45:00,459
06/03/2014,10:00:00,471
06/03/2014,10:15:00,519
06/03/2014,10:30:00,463
06/03/2014,10:45:00,489
06/03/2014,11:00:00,502
06/03/2014,11:15:00,421
06/03/2014,11:30:00,489
06/03/2014,11:45:00,498
06/03/2014,12:00:00,459
06/03/2014,12:15:00,527
06/03/2014,12:30:00,541
06/03/2014,12:45:00,499
06/03/2014,13:00:00,559
06/03/2014,13:15:00,535
06/03/2014,13:30:00,621
06/03/2014,13:45:00,582
06/03/2014,14:00:00,580
06/03/2014,14:15:00,624
06/03/2014,14:30:00,594
06/03/2014,14:45:00,655
06/03/2014,15:00:00,685
06/03/2014,15:15:00,726
06/03/2014,15:30:00,742
06/03/2014,15:45:00,750
06/03/2014,16:00:00,803
06/03/2014,16:15:00,847
06/03/2014,16:30:00,849
06/03/2014,16:45:00,734
06/03/2014,17:00:00,728
06/03/2014,17:15:00,691
06/03/2014,17:30:00,726
06/03/2014,17:45:00,749
06/03/2014,18:00:00,701
06/03/2014,18:15:00,648
06/03/2014,18:30:00,704
06/03/2014,18:45:00,613
06/03/2014,19:00:00,467
06/03/2014,19:15:00,413
06/03/2014,19:30:00,366
06/03/2014,19:45:00,271
06/03/2014,20:00:00,223
06/03/2014,20:15:00,256
06/03/2014,20:30:00,217
06/03/2014,20:45:00,156
06/03/2014,21:00:00,172
06/03/2014,21:15:00,161
06/03/2014,21:30:00,143
06/03/2014,21:45:00,96
06/03/2014,22:00:00,86
06/03/2014,22:15:00,93
06/03/2014,22:30:00,99
06/03/2014,22:45:00,147
06/03/2014,23:00:00,142
06/03/2014,23:15:00,118
06/03/2014,23:30:00,125
06/03/2014,23:45:00,112
07/03/2014,0:00:00,104
07/03/2014,0:15:00,83
07/03/2014,0:30:00,61
07/03/2014,0:45:00,34
07/03/2014,1:00:00,23
07/03/2014,1:15:00,23
07/03/2014,1:30:00,32
07/03/2014,1:45:00,19
07/03/2014,2:00:00,26
07/03/2014,2:15:00,33
07/03/2014,2:30:00,30
07/03/2014,2:45:00,35
07/03/2014,3:00:00,24
07/03/2014,3:15:00,41
07/03/2014,3:30:00,40
07/03/2014,3:45:00,42
07/03/2014,4:00:00,51
07/03/2014,4:15:00,45
07/03/2014,4:30:00,71
07/03/2014,4:45:00,101
07/03/2014,5:00:00,110
07/03/2014,5:15:00,175
07/03/2014,5:30:00,215
07/03/2014,5:45:00,342
07/03/2014,6:00:00,377
07/03/2014,6:15:00,524
07/03/2014,6:30:00,581
07/03/2014,6:45:00,616
07/03/2014,7:00:00,646
07/03/2014,7:15:00,675
07/03/2014,7:30:00,583
07/03/2014,7:45:00,555
07/03/2014,8:00:00,618
07/03/2014,8:15:00,584
07/03/2014,8:30:00,519
07/03/2014,8:45:00,472
07/03/2014,9:00:00,487
07/03/2014,9:15:00,441
07/03/2014,9:30:00,498
07/03/2014,9:45:00,471
07/03/2014,10:00:00,485
07/03/2014,10:15:00,556
07/03/2014,10:30:00,511
07/03/2014,10:45:00,571
07/03/2014,11:00:00,555
07/03/2014,11:15:00,578
07/03/2014,11:30:00,584
07/03/2014,11:45:00,629
07/03/2014,12:00:00,621
07/03/2014,12:15:00,601
07/03/2014,12:30:00,720
07/03/2014,12:45:00,717
07/03/2014,13:00:00,689
07/03/2014,13:15:00,694
07/03/2014,13:30:00,697
07/03/2014,13:45:00,801
07/03/2014,14:00:00,740
07/03/2014,14:15:00,716
07/03/2014,14:30:00,782
07/03/2014,14:45:00,778
07/03/2014,15:00:00,772
07/03/2014,15:15:00,742
07/03/2014,15:30:00,823
07/03/2014,15:45:00,845
07/03/2014,16:00:00,766
07/03/2014,16:15:00,862
07/03/2014,16:30:00,734
07/03/2014,16:45:00,848
07/03/2014,17:00:00,749
07/03/2014,17:15:00,776
07/03/2014,17:30:00,736
07/03/2014,17:45:00,720
07/03/2014,18:00:00,707
07/03/2014,18:15:00,609
07/03/2014,18:30:00,591
07/03/2014,18:45:00,541
07/03/2014,19:00:00,428
07/03/2014,19:15:00,447
07/03/2014,19:30:00,403
07/03/2014,19:45:00,333
07/03/2014,20:00:00,309
07/03/2014,20:15:00,345
07/03/2014,20:30:00,255
07/03/2014,20:45:00,182
07/03/2014,21:00:00,199
07/03/2014,21:15:00,183
07/03/2014,21:30:00,131
07/03/2014,21:45:00,123
07/03/2014,22:00:00,83
07/03/2014,22:15:00,114
07/03/2014,22:30:00,92
07/03/2014,22:45:00,83
07/03/2014,23:00:00,102
07/03/2014,23:15:00,62
07/03/2014,23:30:00,65
07/03/2014,23:45:00,52
08/03/2014,0:00:00,54
08/03/2014,0:15:00,58
08/03/2014,0:30:00,46
08/03/2014,0:45:00,44
08/03/2014,1:00:00,37
08/03/2014,1:15:00,48
08/03/2014,1:30:00,31
08/03/2014,1:45:00,35
08/03/2014,2:00:00,27
08/03/2014,2:15:00,30
08/03/2014,2:30:00,28
08/03/2014,2:45:00,33
08/03/2014,3:00:00,24
08/03/2014,3:15:00,30
08/03/2014,3:30:00,29
08/03/2014,3:45:00,40
08/03/2014,4:00:00,45
08/03/2014,4:15:00,45
08/03/2014,4:30:00,54
08/03/2014,4:45:00,54
08/03/2014,5:00:00,57
08/03/2014,5:15:00,65
08/03/2014,5:30:00,90
08/03/2014,5:45:00,101
08/03/2014,6:00:00,119
08/03/2014,6:15:00,144
08/03/2014,6:30:00,164
08/03/2014,6:45:00,171
08/03/2014,7:00:00,172
08/03/2014,7:15:00,212
08/03/2014,7:30:00,241
08/03/2014,7:45:00,291
08/03/2014,8:00:00,296
08/03/2014,8:15:00,336
08/03/2014,8:30:00,335
08/03/2014,8:45:00,385
08/03/2014,9:00:00,401
08/03/2014,9:15:00,416
08/03/2014,9:30:00,459
08/03/2014,9:45:00,433
08/03/2014,10:00:00,450
08/03/2014,10:15:00,464
08/03/2014,10:30:00,473
08/03/2014,10:45:00,537
08/03/2014,11:00:00,526
08/03/2014,11:15:00,534
08/03/2014,11:30:00,582
08/03/2014,11:45:00,494
08/03/2014,12:00:00,505
08/03/2014,12:15:00,486
08/03/2014,12:30:00,434
08/03/2014,12:45:00,428
08/03/2014,13:00:00,447
08/03/2014,13:15:00,420
08/03/2014,13:30:00,418
08/03/2014,13:45:00,385
08/03/2014,14:00:00,349
08/03/2014,14:15:00,390
08/03/2014,14:30:00,389
08/03/2014,14:45:00,378
08/03/2014,15:00:00,377
08/03/2014,15:15:00,360
08/03/2014,15:30:00,391
08/03/2014,15:45:00,468
08/03/2014,16:00:00,378
08/03/2014,16:15:00,365
08/03/2014,16:30:00,469
08/03/2014,16:45:00,389
08/03/2014,17:00:00,380
08/03/2014,17:15:00,465
08/03/2014,17:30:00,570
08/03/2014,17:45:00,583
08/03/2014,18:00:00,535
08/03/2014,18:15:00,451
08/03/2014,18:30:00,391
08/03/2014,18:45:00,384
08/03/2014,19:00:00,320
08/03/2014,19:15:00,281
08/03/2014,19:30:00,205
08/03/2014,19:45:00,209
08/03/2014,20:00:00,177
08/03/2014,20:15:00,186
08/03/2014,20:30:00,150
08/03/2014,20:45:00,138
08/03/2014,21:00:00,99
08/03/2014,21:15:00,131
08/03/2014,21:30:00,69
08/03/2014,21:45:00,96
08/03/2014,22:00:00,107
08/03/2014,22:15:00,98
08/03/2014,22:30:00,100
08/03/2014,22:45:00,71
08/03/2014,23:00:00,69
08/03/2014,23:15:00,61
08/03/2014,23:30:00,54
08/03/2014,23:45:00,66
09/03/2014,0:00:00,51
09/03/2014,0:15:00,51
09/03/2014,0:30:00,34
09/03/2014,0:45:00,47
09/03/2014,1:00:00,33
09/03/2014,1:15:00,28
09/03/2014,1:30:00,30
09/03/2014,1:45:00,23
09/03/2014,2:00:00,29
09/03/2014,2:15:00,23
09/03/2014,2:30:00,34
09/03/2014,2:45:00,24
09/03/2014,3:00:00,27
09/03/2014,3:15:00,35
09/03/2014,3:30:00,29
09/03/2014,3:45:00,29
09/03/2014,4:00:00,22
09/03/2014,4:15:00,29
09/03/2014,4:30:00,35
09/03/2014,4:45:00,38
09/03/2014,5:00:00,47
09/03/2014,5:15:00,38
09/03/2014,5:30:00,56
09/03/2014,5:45:00,58
09/03/2014,6:00:00,68
09/03/2014,6:15:00,68
09/03/2014,6:30:00,70
09/03/2014,6:45:00,78
09/03/2014,7:00:00,89
09/03/2014,7:15:00,93
09/03/2014,7:30:00,115
09/03/2014,7:45:00,134
09/03/2014,8:00:00,175
09/03/2014,8:15:00,162
09/03/2014,8:30:00,177
09/03/2014,8:45:00,228
09/03/2014,9:00:00,258
09/03/2014,9:15:00,257
09/03/2014,9:30:00,265
09/03/2014,9:45:00,321
09/03/2014,10:00:00,332
09/03/2014,10:15:00,380
09/03/2014,10:30:00,407
09/03/2014,10:45:00,476
09/03/2014,11:00:00,472
09/03/2014,11:15:00,558
09/03/2014,11:30:00,469
09/03/2014,11:45:00,541
09/03/2014,12:00:00,550
09/03/2014,12:15:00,517
09/03/2014,12:30:00,555
09/03/2014,12:45:00,528
09/03/2014,13:00:00,490
09/03/2014,13:15:00,485
09/03/2014,13:30:00,504
09/03/2014,13:45:00,515
09/03/2014,14:00:00,515
09/03/2014,14:15:00,612
09/03/2014,14:30:00,644
09/03/2014,14:45:00,645
09/03/2014,15:00:00,607
09/03/2014,15:15:00,654
09/03/2014,15:30:00,665
09/03/2014,15:45:00,641
09/03/2014,16:00:00,640
09/03/2014,16:15:00,715
09/03/2014,16:30:00,724
09/03/2014,16:45:00,724
09/03/2014,17:00:00,742
09/03/2014,17:15:00,738
09/03/2014,17:30:00,728
09/03/2014,17:45:00,708
09/03/2014,18:00:00,672
09/03/2014,18:15:00,572
09/03/2014,18:30:00,610
09/03/2014,18:45:00,670
09/03/2014,19:00:00,566
09/03/2014,19:15:00,539
09/03/2014,19:30:00,555
09/03/2014,19:45:00,465
09/03/2014,20:00:00,472
09/03/2014,20:15:00,421
09/03/2014,20:30:00,352
09/03/2014,20:45:00,296
09/03/2014,21:00:00,269
09/03/2014,21:15:00,245
09/03/2014,21:30:00,240
09/03/2014,21:45:00,139
09/03/2014,22:00:00,159
09/03/2014,22:15:00,107
09/03/2014,22:30:00,127
09/03/2014,22:45:00,98
09/03/2014,23:00:00,60
09/03/2014,23:15:00,80
09/03/2014,23:30:00,69
09/03/2014,23:45:00,44
10/03/2014,0:00:00,46
10/03/2014,0:15:00,49
10/03/2014,0:30:00,31
10/03/2014,0:45:00,38
10/03/2014,1:00:00,24
10/03/2014,1:15:00,32
10/03/2014,1:30:00,18
10/03/2014,1:45:00,28
10/03/2014,2:00:00,15
10/03/2014,2:15:00,23
10/03/2014,2:30:00,20
10/03/2014,2:45:00,16
10/03/2014,3:00:00,28
10/03/2014,3:15:00,46
10/03/2014,3:30:00,59
10/03/2014,3:45:00,76
10/03/2014,4:00:00,101
10/03/2014,4:15:00,151
10/03/2014,4:30:00,235
10/03/2014,4:45:00,260
10/03/2014,5:00:00,307
10/03/2014,5:15:00,421
10/03/2014,5:30:00,462
10/03/2014,5:45:00,613
10/03/2014,6:00:00,781
10/03/2014,6:15:00,888
10/03/2014,6:30:00,853
10/03/2014,6:45:00,691
10/03/2014,7:00:00,574
10/03/2014,7:15:00,731
10/03/2014,7:30:00,436
10/03/2014,7:45:00,758
10/03/2014,8:00:00,557
10/03/2014,8:15:00,594
10/03/2014,8:30:00,760
10/03/2014,8:45:00,832
10/03/2014,9:00:00,781
10/03/2014,9:15:00,605
10/03/2014,9:30:00,641
10/03/2014,9:45:00,651
10/03/2014,10:00:00,646
10/03/2014,10:15:00,602
10/03/2014,10:30:00,604
10/03/2014,10:45:00,573
10/03/2014,11:00:00,563
10/03/2014,11:15:00,598
10/03/2014,11:30:00,616
10/03/2014,11:45:00,571
10/03/2014,12:00:00,552
10/03/2014,12:15:00,559
10/03/2014,12:30:00,538
10/03/2014,12:45:00,588
10/03/2014,13:00:00,560
10/03/2014,13:15:00,567
10/03/2014,13:30:00,516
10/03/2014,13:45:00,539
10/03/2014,14:00:00,552
10/03/2014,14:15:00,535
10/03/2014,14:30:00,561
10/03/2014,14:45:00,613
10/03/2014,15:00:00,553
10/03/2014,15:15:00,648
10/03/2014,15:30:00,659
10/03/2014,15:45:00,631
10/03/2014,16:00:00,687
10/03/2014,16:15:00,739
10/03/2014,16:30:00,719
10/03/2014,16:45:00,745
10/03/2014,17:00:00,674
10/03/2014,17:15:00,712
10/03/2014,17:30:00,668
10/03/2014,17:45:00,650
10/03/2014,18:00:00,614
10/03/2014,18:15:00,570
10/03/2014,18:30:00,520
10/03/2014,18:45:00,415
10/03/2014,19:00:00,375
10/03/2014,19:15:00,329
10/03/2014,19:30:00,313
10/03/2014,19:45:00,281
10/03/2014,20:00:00,278
10/03/2014,20:15:00,234
10/03/2014,20:30:00,208
10/03/2014,20:45:00,159
10/03/2014,21:00:00,135
10/03/2014,21:15:00,89
10/03/2014,21:30:00,99
10/03/2014,21:45:00,100
10/03/2014,22:00:00,94
10/03/2014,22:15:00,104
10/03/2014,22:30:00,81
10/03/2014,22:45:00,80
10/03/2014,23:00:00,54
10/03/2014,23:15:00,66
10/03/2014,23:30:00,42
10/03/2014,23:45:00,21
11/03/2014,0:00:00,30
11/03/2014,0:15:00,28
11/03/2014,0:30:00,24
11/03/2014,0:45:00,21
11/03/2014,1:00:00,27
11/03/2014,1:15:00,31
11/03/2014,1:30:00,30
11/03/2014,1:45:00,21
11/03/2014,2:00:00,21
11/03/2014,2:15:00,25
11/03/2014,2:30:00,23
11/03/2014,2:45:00,22
11/03/2014,3:00:00,31
11/03/2014,3:15:00,32
11/03/2014,3:30:00,47
11/03/2014,3:45:00,46
11/03/2014,4:00:00,54
11/03/2014,4:15:00,71
11/03/2014,4:30:00,92
11/03/2014,4:45:00,91
11/03/2014,5:00:00,139
11/03/2014,5:15:00,185
11/03/2014,5:30:00,266
11/03/2014,5:45:00,396
11/03/2014,6:00:00,536
11/03/2014,6:15:00,611
11/03/2014,6:30:00,600
11/03/2014,6:45:00,668
11/03/2014,7:00:00,783
11/03/2014,7:15:00,866
11/03/2014,7:30:00,908
11/03/2014,7:45:00,575
11/03/2014,8:00:00,747
11/03/2014,8:15:00,529
11/03/2014,8:30:00,562
11/03/2014,8:45:00,716
11/03/2014,9:00:00,836
11/03/2014,9:15:00,831
11/03/2014,9:30:00,881
11/03/2014,9:45:00,553
11/03/2014,10:00:00,510
11/03/2014,10:15:00,447
11/03/2014,10:30:00,448
11/03/2014,10:45:00,495
11/03/2014,11:00:00,442
11/03/2014,11:15:00,464
11/03/2014,11:30:00,460
11/03/2014,11:45:00,419
11/03/2014,12:00:00,481
11/03/2014,12:15:00,473
11/03/2014,12:30:00,496
11/03/2014,12:45:00,457
11/03/2014,13:00:00,468
11/03/2014,13:15:00,577
11/03/2014,13:30:00,533
11/03/2014,13:45:00,572
11/03/2014,14:00:00,585
11/03/2014,14:15:00,552
11/03/2014,14:30:00,664
11/03/2014,14:45:00,625
11/03/2014,15:00:00,659
11/03/2014,15:15:00,650
11/03/2014,15:30:00,694
11/03/2014,15:45:00,700
11/03/2014,16:00:00,663
11/03/2014,16:15:00,766
11/03/2014,16:30:00,733
11/03/2014,16:45:00,749
11/03/2014,17:00:00,705
11/03/2014,17:15:00,731
11/03/2014,17:30:00,722
11/03/2014,17:45:00,726
11/03/2014,18:00:00,631
11/03/2014,18:15:00,616
11/03/2014,18:30:00,557
11/03/2014,18:45:00,448
11/03/2014,19:00:00,389
11/03/2014,19:15:00,307
11/03/2014,19:30:00,310
11/03/2014,19:45:00,254
11/03/2014,20:00:00,262
11/03/2014,20:15:00,193
11/03/2014,20:30:00,225
11/03/2014,20:45:00,201
11/03/2014,21:00:00,154
11/03/2014,21:15:00,151
11/03/2014,21:30:00,139
11/03/2014,21:45:00,135
11/03/2014,22:00:00,200
11/03/2014,22:15:00,224
11/03/2014,22:30:00,208
11/03/2014,22:45:00,209
11/03/2014,23:00:00,212
11/03/2014,23:15:00,222
11/03/2014,23:30:00,245
11/03/2014,23:45:00,236
12/03/2014,0:00:00,192
12/03/2014,0:15:00,100
12/03/2014,0:30:00,59
12/03/2014,0:45:00,46
12/03/2014,1:00:00,49
12/03/2014,1:15:00,41
12/03/2014,1:30:00,49
12/03/2014,1:45:00,54
12/03/2014,2:00:00,37
12/03/2014,2:15:00,44
12/03/2014,2:30:00,36
12/03/2014,2:45:00,46
12/03/2014,3:00:00,41
12/03/2014,3:15:00,57
12/03/2014,3:30:00,77
12/03/2014,3:45:00,62
12/03/2014,4:00:00,70
12/03/2014,4:15:00,70
12/03/2014,4:30:00,95
12/03/2014,4:45:00,126
12/03/2014,5:00:00,138
12/03/2014,5:15:00,198
12/03/2014,5:30:00,243
12/03/2014,5:45:00,352
12/03/2014,6:00:00,497
12/03/2014,6:15:00,631
12/03/2014,6:30:00,729
12/03/2014,6:45:00,813
12/03/2014,7:00:00,761
12/03/2014,7:15:00,794
12/03/2014,7:30:00,738
12/03/2014,7:45:00,681
12/03/2014,8:00:00,619
12/03/2014,8:15:00,718
12/03/2014,8:30:00,674
12/03/2014,8:45:00,682
12/03/2014,9:00:00,658
12/03/2014,9:15:00,625
12/03/2014,9:30:00,657
12/03/2014,9:45:00,588
12/03/2014,10:00:00,553
12/03/2014,10:15:00,708
12/03/2014,10:30:00,731
12/03/2014,10:45:00,685
12/03/2014,11:00:00,477
12/03/2014,11:15:00,494
12/03/2014,11:30:00,517
12/03/2014,11:45:00,521
12/03/2014,12:00:00,498
12/03/2014,12:15:00,472
12/03/2014,12:30:00,494
12/03/2014,12:45:00,523
12/03/2014,13:00:00,513
12/03/2014,13:15:00,523
12/03/2014,13:30:00,521
12/03/2014,13:45:00,632
12/03/2014,14:00:00,602
12/03/2014,14:15:00,647
12/03/2014,14:30:00,573
12/03/2014,14:45:00,653
12/03/2014,15:00:00,686
12/03/2014,15:15:00,684
12/03/2014,15:30:00,694
12/03/2014,15:45:00,665
12/03/2014,16:00:00,680
12/03/2014,16:15:00,710
12/03/2014,16:30:00,691
12/03/2014,16:45:00,750
12/03/2014,17:00:00,705
12/03/2014,17:15:00,763
12/03/2014,17:30:00,759
12/03/2014,17:45:00,786
12/03/2014,18:00:00,642
12/03/2014,18:15:00,691
12/03/2014,18:30:00,755
12/03/2014,18:45:00,491
12/03/2014,19:00:00,437
12/03/2014,19:15:00,366
12/03/2014,19:30:00,317
12/03/2014,19:45:00,269
12/03/2014,20:00:00,254
12/03/2014,20:15:00,250
12/03/2014,20:30:00,190
13/03/2014,6:00:00,482
13/03/2014,6:15:00,613
13/03/2014,6:30:00,656
13/03/2014,6:45:00,818
13/03/2014,7:00:00,737
13/03/2014,7:15:00,764
13/03/2014,7:30:00,735
13/03/2014,7:45:00,665
13/03/2014,8:00:00,642
13/03/2014,8:15:00,636
13/03/2014,8:30:00,683
13/03/2014,8:45:00,619
13/03/2014,9:00:00,594
13/03/2014,9:15:00,566
13/03/2014,9:30:00,567
13/03/2014,9:45:00,460
13/03/2014,10:00:00,463
13/03/2014,10:15:00,513
13/03/2014,5:45:00,332
13/03/2014,5:30:00,233
13/03/2014,11:00:00,517
13/03/2014,11:15:00,548
13/03/2014,11:30:00,510
13/03/2014,11:45:00,532
13/03/2014,12:00:00,548
13/03/2014,12:15:00,523
13/03/2014,12:30:00,506
13/03/2014,12:45:00,541
13/03/2014,13:00:00,521
13/03/2014,13:15:00,543
13/03/2014,13:30:00,611
13/03/2014,13:45:00,642
13/03/2014,14:00:00,639
13/03/2014,14:15:00,627
13/03/2014,14:30:00,691
13/03/2014,14:45:00,697
13/03/2014,15:00:00,638
13/03/2014,15:15:00,717
13/03/2014,5:15:00,197
13/03/2014,5:00:00,121
13/03/2014,4:45:00,99
13/03/2014,16:15:00,865
13/03/2014,16:30:00,848
13/03/2014,16:45:00,833
13/03/2014,17:00:00,771
13/03/2014,17:15:00,815
13/03/2014,17:30:00,744
13/03/2014,17:45:00,771
13/03/2014,18:00:00,673
13/03/2014,18:15:00,648
13/03/2014,18:30:00,575
13/03/2014,18:45:00,502
13/03/2014,19:00:00,455
13/03/2014,19:15:00,401
13/03/2014,19:30:00,335
13/03/2014,19:45:00,279
13/03/2014,20:00:00,247
13/03/2014,20:15:00,213
13/03/2014,20:30:00,223
13/03/2014,20:45:00,178
13/03/2014,21:00:00,190
13/03/2014,21:15:00,152
13/03/2014,21:30:00,145
13/03/2014,21:45:00,136
13/03/2014,22:00:00,111
13/03/2014,22:15:00,104
13/03/2014,22:30:00,136
13/03/2014,22:45:00,101
13/03/2014,23:00:00,80
13/03/2014,23:15:00,43
13/03/2014,23:30:00,57
13/03/2014,23:45:00,36
14/03/2014,0:00:00,35
13/03/2014,4:30:00,62
13/03/2014,4:15:00,75
13/03/2014,4:00:00,46
13/03/2014,3:45:00,34
13/03/2014,3:30:00,28
13/03/2014,3:15:00,35
13/03/2014,3:00:00,29
13/03/2014,2:45:00,25
13/03/2014,2:30:00,31
13/03/2014,2:15:00,30
13/03/2014,2:00:00,30
13/03/2014,1:45:00,17
13/03/2014,1:30:00,29
13/03/2014,1:15:00,34
13/03/2014,1:00:00,40
13/03/2014,0:45:00,42
13/03/2014,0:30:00,34
13/03/2014,0:15:00,42
13/03/2014,0:00:00,46
12/03/2014,23:45:00,49
12/03/2014,23:30:00,60
12/03/2014,23:15:00,56
12/03/2014,23:00:00,65
12/03/2014,22:45:00,87
12/03/2014,22:30:00,91
12/03/2014,22:15:00,123
12/03/2014,22:00:00,113
12/03/2014,21:45:00,119
12/03/2014,21:30:00,147
12/03/2014,21:15:00,167
12/03/2014,21:00:00,162
12/03/2014,20:45:00,154
13/03/2014,10:30:00,475
13/03/2014,10:45:00,517
13/03/2014,15:30:00,714
13/03/2014,15:45:00,749
13/03/2014,16:00:00,761
14/03/2014,0:15:00,41
14/03/2014,0:30:00,32
14/03/2014,0:45:00,23
14/03/2014,1:00:00,28
14/03/2014,1:15:00,33
14/03/2014,1:30:00,31
14/03/2014,1:45:00,35
14/03/2014,2:00:00,22
14/03/2014,2:15:00,26
14/03/2014,2:30:00,19
14/03/2014,2:45:00,33
14/03/2014,3:00:00,34
14/03/2014,3:15:00,51
14/03/2014,3:30:00,24
14/03/2014,3:45:00,37
14/03/2014,4:00:00,49
14/03/2014,4:15:00,62
14/03/2014,4:30:00,61
14/03/2014,4:45:00,73
14/03/2014,5:00:00,129
14/03/2014,5:15:00,168
14/03/2014,5:30:00,222
14/03/2014,5:45:00,316
14/03/2014,6:00:00,364
14/03/2014,6:15:00,543
14/03/2014,6:30:00,577
14/03/2014,6:45:00,637
14/03/2014,7:00:00,562
14/03/2014,7:15:00,570
14/03/2014,7:30:00,576
14/03/2014,7:45:00,568
14/03/2014,8:00:00,539
14/03/2014,8:15:00,550
14/03/2014,8:30:00,534
14/03/2014,8:45:00,473
14/03/2014,9:00:00,473
14/03/2014,9:15:00,483
14/03/2014,9:30:00,415
14/03/2014,9:45:00,469
14/03/2014,10:00:00,548
14/03/2014,10:15:00,502
14/03/2014,10:30:00,581
14/03/2014,10:45:00,588
14/03/2014,11:00:00,553
14/03/2014,11:15:00,622
14/03/2014,11:30:00,616
14/03/2014,11:45:00,635
14/03/2014,12:00:00,641
14/03/2014,12:15:00,651
14/03/2014,12:30:00,701
14/03/2014,12:45:00,650
14/03/2014,13:00:00,707
14/03/2014,13:15:00,801
14/03/2014,13:30:00,740
14/03/2014,13:45:00,758
14/03/2014,14:00:00,746
14/03/2014,14:15:00,752
14/03/2014,14:30:00,803
14/03/2014,14:45:00,794
14/03/2014,15:00:00,812
14/03/2014,15:15:00,800
14/03/2014,15:30:00,818
14/03/2014,15:45:00,827
14/03/2014,16:00:00,817
14/03/2014,16:15:00,742
14/03/2014,16:30:00,832
14/03/2014,16:45:00,882
14/03/2014,17:00:00,790
14/03/2014,17:15:00,830
14/03/2014,17:30:00,781
14/03/2014,17:45:00,730
14/03/2014,18:00:00,674
14/03/2014,18:15:00,629
14/03/2014,18:30:00,601
14/03/2014,18:45:00,554
14/03/2014,19:00:00,520
14/03/2014,19:15:00,426
14/03/2014,19:30:00,448
14/03/2014,19:45:00,366
15/03/2014,5:15:00,57
15/03/2014,5:30:00,59
15/03/2014,5:45:00,74
15/03/2014,6:00:00,79
15/03/2014,6:15:00,106
15/03/2014,6:30:00,123
15/03/2014,6:45:00,140
15/03/2014,7:00:00,157
15/03/2014,7:15:00,178
15/03/2014,7:30:00,203
15/03/2014,7:45:00,226
15/03/2014,8:00:00,259
15/03/2014,8:15:00,291
15/03/2014,8:30:00,353
15/03/2014,8:45:00,397
15/03/2014,9:00:00,416
15/03/2014,9:15:00,367
15/03/2014,9:30:00,427
15/03/2014,9:45:00,487
15/03/2014,10:00:00,454
15/03/2014,10:15:00,534
15/03/2014,10:30:00,525
15/03/2014,10:45:00,575
15/03/2014,11:00:00,609
15/03/2014,11:15:00,555
15/03/2014,11:30:00,547
15/03/2014,11:45:00,544
15/03/2014,12:00:00,523
15/03/2014,12:15:00,518
15/03/2014,12:30:00,467
15/03/2014,12:45:00,501
15/03/2014,13:00:00,487
15/03/2014,13:15:00,429
15/03/2014,13:30:00,465
15/03/2014,13:45:00,429
15/03/2014,14:00:00,431
15/03/2014,14:15:00,263
15/03/2014,14:30:00,597
15/03/2014,5:00:00,47
15/03/2014,4:45:00,47
15/03/2014,15:15:00,361
15/03/2014,15:30:00,422
15/03/2014,15:45:00,407
15/03/2014,16:00:00,353
15/03/2014,16:15:00,349
15/03/2014,16:30:00,387
15/03/2014,16:45:00,372
15/03/2014,17:00:00,401
15/03/2014,17:15:00,429
15/03/2014,17:30:00,491
15/03/2014,17:45:00,487
15/03/2014,18:00:00,416
15/03/2014,18:15:00,390
15/03/2014,18:30:00,333
15/03/2014,18:45:00,309
15/03/2014,19:00:00,258
15/03/2014,19:15:00,286
15/03/2014,4:30:00,47
15/03/2014,4:15:00,42
15/03/2014,4:00:00,44
15/03/2014,20:15:00,210
15/03/2014,20:30:00,169
15/03/2014,20:45:00,140
15/03/2014,21:00:00,123
15/03/2014,21:15:00,100
15/03/2014,21:30:00,105
15/03/2014,21:45:00,83
15/03/2014,22:00:00,108
15/03/2014,22:15:00,77
15/03/2014,22:30:00,96
15/03/2014,22:45:00,79
15/03/2014,23:00:00,64
15/03/2014,23:15:00,79
15/03/2014,23:30:00,50
15/03/2014,23:45:00,56
16/03/2014,0:00:00,57
16/03/2014,0:15:00,58
16/03/2014,0:30:00,47
16/03/2014,0:45:00,41
16/03/2014,1:00:00,31
15/03/2014,3:45:00,32
15/03/2014,3:30:00,24
15/03/2014,3:15:00,16
15/03/2014,3:00:00,28
15/03/2014,2:45:00,31
15/03/2014,2:30:00,24
15/03/2014,2:15:00,31
15/03/2014,2:00:00,28
15/03/2014,1:45:00,29
15/03/2014,1:30:00,38
15/03/2014,1:15:00,32
15/03/2014,1:00:00,33
15/03/2014,0:45:00,37
15/03/2014,0:30:00,57
15/03/2014,0:15:00,56
15/03/2014,0:00:00,72
14/03/2014,23:45:00,101
14/03/2014,23:30:00,95
14/03/2014,23:15:00,116
14/03/2014,23:00:00,94
14/03/2014,22:45:00,83
14/03/2014,22:30:00,86
14/03/2014,22:15:00,93
14/03/2014,22:00:00,114
14/03/2014,21:45:00,137
14/03/2014,21:30:00,134
14/03/2014,21:15:00,168
14/03/2014,21:00:00,195
14/03/2014,20:45:00,210
14/03/2014,20:30:00,257
14/03/2014,20:15:00,334
14/03/2014,20:00:00,352
15/03/2014,14:45:00,380
15/03/2014,15:00:00,417
15/03/2014,19:30:00,203
15/03/2014,19:45:00,167
15/03/2014,20:00:00,211
16/03/2014,9:30:00,278
16/03/2014,9:45:00,324
16/03/2014,1:15:00,28
16/03/2014,1:30:00,18
16/03/2014,1:45:00,28
16/03/2014,2:00:00,17
16/03/2014,2:15:00,26
16/03/2014,2:30:00,17
16/03/2014,2:45:00,20
16/03/2014,3:00:00,18
16/03/2014,3:15:00,19
16/03/2014,3:30:00,16
16/03/2014,3:45:00,27
16/03/2014,4:00:00,23
16/03/2014,4:15:00,24
16/03/2014,4:30:00,11
16/03/2014,4:45:00,38
16/03/2014,5:00:00,36
16/03/2014,5:15:00,41
16/03/2014,5:30:00,35
16/03/2014,5:45:00,31
16/03/2014,6:00:00,51
16/03/2014,6:15:00,49
16/03/2014,6:30:00,46
16/03/2014,6:45:00,49
16/03/2014,7:00:00,75
16/03/2014,7:15:00,68
16/03/2014,7:30:00,85
16/03/2014,7:45:00,95
16/03/2014,8:00:00,97
16/03/2014,8:15:00,146
16/03/2014,8:30:00,157
16/03/2014,8:45:00,194
16/03/2014,9:00:00,209
16/03/2014,19:00:00,547
16/03/2014,19:15:00,490
16/03/2014,19:30:00,475
16/03/2014,19:45:00,410
16/03/2014,20:00:00,402
16/03/2014,20:15:00,406
16/03/2014,20:30:00,350
16/03/2014,20:45:00,303
16/03/2014,21:00:00,262
16/03/2014,21:15:00,208
16/03/2014,21:30:00,178
16/03/2014,21:45:00,164
16/03/2014,22:00:00,132
16/03/2014,22:15:00,116
16/03/2014,22:30:00,104
16/03/2014,22:45:00,83
16/03/2014,23:00:00,59
16/03/2014,23:15:00,69
16/03/2014,23:30:00,43
16/03/2014,9:15:00,279
16/03/2014,10:45:00,443
17/03/2014,0:15:00,42
17/03/2014,0:30:00,37
17/03/2014,0:45:00,27
17/03/2014,1:00:00,24
17/03/2014,1:15:00,23
17/03/2014,1:30:00,18
17/03/2014,1:45:00,29
17/03/2014,2:00:00,19
17/03/2014,2:15:00,18
17/03/2014,2:30:00,17
17/03/2014,2:45:00,20
17/03/2014,3:00:00,40
17/03/2014,3:15:00,36
17/03/2014,3:30:00,55
17/03/2014,3:45:00,80
17/03/2014,4:00:00,90
17/03/2014,4:15:00,153
17/03/2014,4:30:00,178
17/03/2014,4:45:00,233
17/03/2014,5:00:00,313
17/03/2014,5:15:00,377
16/03/2014,11:00:00,585
16/03/2014,10:00:00,319
16/03/2014,10:15:00,353
16/03/2014,10:30:00,420
16/03/2014,11:15:00,567
16/03/2014,11:30:00,542
16/03/2014,11:45:00,591
16/03/2014,12:00:00,503
16/03/2014,12:15:00,528
16/03/2014,12:30:00,511
16/03/2014,12:45:00,539
16/03/2014,13:00:00,534
16/03/2014,13:15:00,488
16/03/2014,13:30:00,506
16/03/2014,13:45:00,521
16/03/2014,14:00:00,524
16/03/2014,14:15:00,560
17/03/2014,9:45:00,576
17/03/2014,10:00:00,521
17/03/2014,10:15:00,554
17/03/2014,10:30:00,624
17/03/2014,10:45:00,546
17/03/2014,11:00:00,524
17/03/2014,11:15:00,530
17/03/2014,11:30:00,556
17/03/2014,11:45:00,534
17/03/2014,12:00:00,633
17/03/2014,12:15:00,556
17/03/2014,12:30:00,520
17/03/2014,12:45:00,509
17/03/2014,13:00:00,526
17/03/2014,13:15:00,566
17/03/2014,13:30:00,577
17/03/2014,13:45:00,554
17/03/2014,14:00:00,599
17/03/2014,14:15:00,619
16/03/2014,14:30:00,584
16/03/2014,14:45:00,548
16/03/2014,15:00:00,605
16/03/2014,15:15:00,653
16/03/2014,15:30:00,663
16/03/2014,15:45:00,699
16/03/2014,16:00:00,709
16/03/2014,16:15:00,695
16/03/2014,16:30:00,755
16/03/2014,16:45:00,704
16/03/2014,17:00:00,730
16/03/2014,17:15:00,727
16/03/2014,17:30:00,671
16/03/2014,17:45:00,681
16/03/2014,18:00:00,617
16/03/2014,18:15:00,566
16/03/2014,18:30:00,590
16/03/2014,18:45:00,551
16/03/2014,23:45:00,44
17/03/2014,0:00:00,49
17/03/2014,5:30:00,479
17/03/2014,5:45:00,635
17/03/2014,6:00:00,753
17/03/2014,6:15:00,862
17/03/2014,6:30:00,910
17/03/2014,6:45:00,620
17/03/2014,7:00:00,493
17/03/2014,7:15:00,455
17/03/2014,7:30:00,732
17/03/2014,7:45:00,642
17/03/2014,8:00:00,784
17/03/2014,8:15:00,880
17/03/2014,8:30:00,406
17/03/2014,22:45:00,65
17/03/2014,23:00:00,53
17/03/2014,23:15:00,42
17/03/2014,23:30:00,42
17/03/2014,8:45:00,778
17/03/2014,9:00:00,688
17/03/2014,9:15:00,882
17/03/2014,9:30:00,593
17/03/2014,19:45:00,253
17/03/2014,20:00:00,227
17/03/2014,20:15:00,213
17/03/2014,20:30:00,214
17/03/2014,20:45:00,120
17/03/2014,21:00:00,146
17/03/2014,21:15:00,115
17/03/2014,21:30:00,112
17/03/2014,21:45:00,86
17/03/2014,22:00:00,74
17/03/2014,22:15:00,93
17/03/2014,22:30:00,72
17/03/2014,14:30:00,612
18/03/2014,4:00:00,34
18/03/2014,4:15:00,69
18/03/2014,4:30:00,79
18/03/2014,4:45:00,134
18/03/2014,5:00:00,152
18/03/2014,5:15:00,194
18/03/2014,5:30:00,251
18/03/2014,5:45:00,357
18/03/2014,6:00:00,527
18/03/2014,6:15:00,666
18/03/2014,6:30:00,792
18/03/2014,6:45:00,888
18/03/2014,7:00:00,847
18/03/2014,7:15:00,818
18/03/2014,7:30:00,804
18/03/2014,7:45:00,759
18/03/2014,8:00:00,544
18/03/2014,8:15:00,817
18/03/2014,8:30:00,615
18/03/2014,8:45:00,685
18/03/2014,9:00:00,611
18/03/2014,9:15:00,622
18/03/2014,9:30:00,536
18/03/2014,9:45:00,479
18/03/2014,10:00:00,526
18/03/2014,10:15:00,515
18/03/2014,10:30:00,492
18/03/2014,10:45:00,516
18/03/2014,11:00:00,512
18/03/2014,11:15:00,538
18/03/2014,11:30:00,505
18/03/2014,11:45:00,503
17/03/2014,14:45:00,605
17/03/2014,15:00:00,556
17/03/2014,15:15:00,602
17/03/2014,15:30:00,657
17/03/2014,15:45:00,669
17/03/2014,16:00:00,604
17/03/2014,16:15:00,671
17/03/2014,16:30:00,714
17/03/2014,16:45:00,708
17/03/2014,17:00:00,709
17/03/2014,17:15:00,690
17/03/2014,17:30:00,693
17/03/2014,17:45:00,633
17/03/2014,18:00:00,623
17/03/2014,18:15:00,518
17/03/2014,18:30:00,470
17/03/2014,18:45:00,413
17/03/2014,19:00:00,364
17/03/2014,19:15:00,312
17/03/2014,19:30:00,293
18/03/2014,1:00:00,36
18/03/2014,1:15:00,26
18/03/2014,1:30:00,21
18/03/2014,1:45:00,33
18/03/2014,2:00:00,24
18/03/2014,2:15:00,18
18/03/2014,2:30:00,21
18/03/2014,2:45:00,23
18/03/2014,3:00:00,18
18/03/2014,3:15:00,39
18/03/2014,3:30:00,36
18/03/2014,3:45:00,37
17/03/2014,23:45:00,29
18/03/2014,0:00:00,36
18/03/2014,0:15:00,41
18/03/2014,0:30:00,39
18/03/2014,0:45:00,22
18/03/2014,12:00:00,498
18/03/2014,12:15:00,498
18/03/2014,12:30:00,493
18/03/2014,12:45:00,530
18/03/2014,13:00:00,560
18/03/2014,13:15:00,562
18/03/2014,13:30:00,525
18/03/2014,13:45:00,547
18/03/2014,14:00:00,616
18/03/2014,14:15:00,603
18/03/2014,14:30:00,580
18/03/2014,14:45:00,621
18/03/2014,15:00:00,670
18/03/2014,15:15:00,696
18/03/2014,15:30:00,722
18/03/2014,15:45:00,701
18/03/2014,16:00:00,702
18/03/2014,16:15:00,678
18/03/2014,16:30:00,814
18/03/2014,16:45:00,830
18/03/2014,17:00:00,768
18/03/2014,17:15:00,666
18/03/2014,17:30:00,724
18/03/2014,17:45:00,644
18/03/2014,18:00:00,605
18/03/2014,18:15:00,602
18/03/2014,18:30:00,550
18/03/2014,18:45:00,472
18/03/2014,19:00:00,394
18/03/2014,19:15:00,314
18/03/2014,19:30:00,281
18/03/2014,19:45:00,253
18/03/2014,20:00:00,202
18/03/2014,20:15:00,254
18/03/2014,20:30:00,213
18/03/2014,20:45:00,199
18/03/2014,21:00:00,134
18/03/2014,21:15:00,169
18/03/2014,21:30:00,125
18/03/2014,21:45:00,125
18/03/2014,22:00:00,135
18/03/2014,22:15:00,141
18/03/2014,22:30:00,147
18/03/2014,22:45:00,77
18/03/2014,23:00:00,79
18/03/2014,23:15:00,54
18/03/2014,23:30:00,56
18/03/2014,23:45:00,34
19/03/2014,0:00:00,31
19/03/2014,0:15:00,41
19/03/2014,0:30:00,47
19/03/2014,0:45:00,32
19/03/2014,1:00:00,16
19/03/2014,1:15:00,23
19/03/2014,1:30:00,25
19/03/2014,1:45:00,22
19/03/2014,2:00:00,20
19/03/2014,2:15:00,26
19/03/2014,2:30:00,24
19/03/2014,2:45:00,31
19/03/2014,3:00:00,18
19/03/2014,3:15:00,27
19/03/2014,3:30:00,28
19/03/2014,3:45:00,41
19/03/2014,4:00:00,45
19/03/2014,4:15:00,46
19/03/2014,4:30:00,65
19/03/2014,4:45:00,89
19/03/2014,5:00:00,157
19/03/2014,5:15:00,193
19/03/2014,5:30:00,241
19/03/2014,5:45:00,334
19/03/2014,6:00:00,484
19/03/2014,6:15:00,660
19/03/2014,6:30:00,757
19/03/2014,6:45:00,729
19/03/2014,7:00:00,794
19/03/2014,7:15:00,756
19/03/2014,7:30:00,725
19/03/2014,7:45:00,751
19/03/2014,8:00:00,707
19/03/2014,8:15:00,725
19/03/2014,8:30:00,674
19/03/2014,8:45:00,652
19/03/2014,9:00:00,628
19/03/2014,9:15:00,587
19/03/2014,9:30:00,501
19/03/2014,9:45:00,500
19/03/2014,10:00:00,516
19/03/2014,10:15:00,511
19/03/2014,10:30:00,499
19/03/2014,10:45:00,526
19/03/2014,11:00:00,493
19/03/2014,11:15:00,492
19/03/2014,11:30:00,460
19/03/2014,11:45:00,513
19/03/2014,12:00:00,484
19/03/2014,12:15:00,474
19/03/2014,12:30:00,505
19/03/2014,12:45:00,503
19/03/2014,13:00:00,544
19/03/2014,13:15:00,633
19/03/2014,13:30:00,549
19/03/2014,13:45:00,609
19/03/2014,14:00:00,611
19/03/2014,14:15:00,607
19/03/2014,14:30:00,607
19/03/2014,14:45:00,674
19/03/2014,15:00:00,663
19/03/2014,15:15:00,687
19/03/2014,15:30:00,750
19/03/2014,21:15:00,148
19/03/2014,21:30:00,152
19/03/2014,21:45:00,97
19/03/2014,22:00:00,104
19/03/2014,22:15:00,86
19/03/2014,22:30:00,91
19/03/2014,22:45:00,61
19/03/2014,23:00:00,62
19/03/2014,23:15:00,65
19/03/2014,23:30:00,47
19/03/2014,23:45:00,53
20/03/2014,0:00:00,47
20/03/2014,0:15:00,41
20/03/2014,0:30:00,36
20/03/2014,0:45:00,30
20/03/2014,1:00:00,28
19/03/2014,21:00:00,118
19/03/2014,20:45:00,165
19/03/2014,20:30:00,208
19/03/2014,20:15:00,200
20/03/2014,5:00:00,132
20/03/2014,6:15:00,643
20/03/2014,6:30:00,729
20/03/2014,6:45:00,746
20/03/2014,7:00:00,780
20/03/2014,7:15:00,727
20/03/2014,7:30:00,693
20/03/2014,7:45:00,657
20/03/2014,8:00:00,624
20/03/2014,8:15:00,704
20/03/2014,8:30:00,672
20/03/2014,8:45:00,577
20/03/2014,9:00:00,564
20/03/2014,9:15:00,480
20/03/2014,9:30:00,562
20/03/2014,9:45:00,513
20/03/2014,10:00:00,536
20/03/2014,10:15:00,533
20/03/2014,10:30:00,474
20/03/2014,10:45:00,531
20/03/2014,11:00:00,472
20/03/2014,11:15:00,506
20/03/2014,11:30:00,573
20/03/2014,11:45:00,506
20/03/2014,12:00:00,526
20/03/2014,12:15:00,534
20/03/2014,12:30:00,509
20/03/2014,12:45:00,540
20/03/2014,13:00:00,552
20/03/2014,13:15:00,605
20/03/2014,13:30:00,562
20/03/2014,13:45:00,599
20/03/2014,14:00:00,596
20/03/2014,4:45:00,85
20/03/2014,4:30:00,70
20/03/2014,4:15:00,54
20/03/2014,4:00:00,37
20/03/2014,3:45:00,37
20/03/2014,3:30:00,42
20/03/2014,3:15:00,33
20/03/2014,3:00:00,25
20/03/2014,2:45:00,28
20/03/2014,2:30:00,27
20/03/2014,2:15:00,22
20/03/2014,2:00:00,24
20/03/2014,1:45:00,25
20/03/2014,1:30:00,28
20/03/2014,1:15:00,20
20/03/2014,5:15:00,183
20/03/2014,5:30:00,232
20/03/2014,5:45:00,333
20/03/2014,6:00:00,500
19/03/2014,20:00:00,224
19/03/2014,19:45:00,293
19/03/2014,19:30:00,308
19/03/2014,19:15:00,344
19/03/2014,19:00:00,393
19/03/2014,18:45:00,413
19/03/2014,18:30:00,536
19/03/2014,18:15:00,666
19/03/2014,18:00:00,851
19/03/2014,17:45:00,898
19/03/2014,17:30:00,757
19/03/2014,17:15:00,544
19/03/2014,17:00:00,486
19/03/2014,16:45:00,800
19/03/2014,16:30:00,786
19/03/2014,16:15:00,794
19/03/2014,16:00:00,727
19/03/2014,15:45:00,732
20/03/2014,14:15:00,628
20/03/2014,14:30:00,683
20/03/2014,14:45:00,671
20/03/2014,15:00:00,690
20/03/2014,15:15:00,739
20/03/2014,15:30:00,693
20/03/2014,15:45:00,790
20/03/2014,16:00:00,759
20/03/2014,16:15:00,782
20/03/2014,16:30:00,801
20/03/2014,16:45:00,743
20/03/2014,17:00:00,764
20/03/2014,17:15:00,766
20/03/2014,17:30:00,702
20/03/2014,17:45:00,731
20/03/2014,18:00:00,691
20/03/2014,18:15:00,727
20/03/2014,18:30:00,602
20/03/2014,18:45:00,514
20/03/2014,19:00:00,442
20/03/2014,19:15:00,361
20/03/2014,19:30:00,340
20/03/2014,19:45:00,297
20/03/2014,20:00:00,240
20/03/2014,20:15:00,251
20/03/2014,20:30:00,199
20/03/2014,20:45:00,174
20/03/2014,21:00:00,141
20/03/2014,21:15:00,147
20/03/2014,21:30:00,128
20/03/2014,21:45:00,95
20/03/2014,22:00:00,77
20/03/2014,22:15:00,103
20/03/2014,22:30:00,76
20/03/2014,22:45:00,84
20/03/2014,23:00:00,89
20/03/2014,23:15:00,66
20/03/2014,23:30:00,50
20/03/2014,23:45:00,52
21/03/2014,0:00:00,54
21/03/2014,0:15:00,45
21/03/2014,0:30:00,45
21/03/2014,0:45:00,45
21/03/2014,1:00:00,39
21/03/2014,1:15:00,30
21/03/2014,1:30:00,32
21/03/2014,1:45:00,37
21/03/2014,2:00:00,29
21/03/2014,2:15:00,35
21/03/2014,2:30:00,22
21/03/2014,2:45:00,26
21/03/2014,3:00:00,21
21/03/2014,3:15:00,32
21/03/2014,3:30:00,23
21/03/2014,3:45:00,26
21/03/2014,4:00:00,37
21/03/2014,4:15:00,67
21/03/2014,4:30:00,59
21/03/2014,4:45:00,80
21/03/2014,5:00:00,131
21/03/2014,5:15:00,168
21/03/2014,5:30:00,182
21/03/2014,5:45:00,286
21/03/2014,6:00:00,370
21/03/2014,6:15:00,536
21/03/2014,6:30:00,548
21/03/2014,6:45:00,612
21/03/2014,7:00:00,560
21/03/2014,7:15:00,568
21/03/2014,7:30:00,589
21/03/2014,7:45:00,564
21/03/2014,8:00:00,537
21/03/2014,8:15:00,530
21/03/2014,8:30:00,479
21/03/2014,8:45:00,466
21/03/2014,9:00:00,447
21/03/2014,9:15:00,466
21/03/2014,9:30:00,489
21/03/2014,9:45:00,436
21/03/2014,10:00:00,536
21/03/2014,10:15:00,533
21/03/2014,10:30:00,591
21/03/2014,10:45:00,621
21/03/2014,11:00:00,609
21/03/2014,11:15:00,592
21/03/2014,11:30:00,677
21/03/2014,11:45:00,606
21/03/2014,12:00:00,638
21/03/2014,12:15:00,646
21/03/2014,12:30:00,686
21/03/2014,12:45:00,670
21/03/2014,13:00:00,674
21/03/2014,13:15:00,663
21/03/2014,13:30:00,749
21/03/2014,13:45:00,694
21/03/2014,14:00:00,754
21/03/2014,14:15:00,689
21/03/2014,14:30:00,716
21/03/2014,14:45:00,715
21/03/2014,15:00:00,759
21/03/2014,15:15:00,764
21/03/2014,15:30:00,648
21/03/2014,15:45:00,776
21/03/2014,16:00:00,705
21/03/2014,16:15:00,795
21/03/2014,16:30:00,649
21/03/2014,16:45:00,504
21/03/2014,17:00:00,601
21/03/2014,17:15:00,590
21/03/2014,17:30:00,857
21/03/2014,17:45:00,778
21/03/2014,18:00:00,607
21/03/2014,18:15:00,563
21/03/2014,18:30:00,521
21/03/2014,18:45:00,466
21/03/2014,19:00:00,443
21/03/2014,19:15:00,377
21/03/2014,19:30:00,402
21/03/2014,19:45:00,375
21/03/2014,20:00:00,334
21/03/2014,20:15:00,283
21/03/2014,20:30:00,235
21/03/2014,20:45:00,215
21/03/2014,21:00:00,181
21/03/2014,21:15:00,195
21/03/2014,21:30:00,172
21/03/2014,21:45:00,142
21/03/2014,22:00:00,139
21/03/2014,22:15:00,92
21/03/2014,22:30:00,92
21/03/2014,22:45:00,101
21/03/2014,23:00:00,125
21/03/2014,23:15:00,109
21/03/2014,23:30:00,72
21/03/2014,23:45:00,57
22/03/2014,0:00:00,65
22/03/2014,0:15:00,50
22/03/2014,0:30:00,48
22/03/2014,0:45:00,39
22/03/2014,1:00:00,34
22/03/2014,1:15:00,36
22/03/2014,1:30:00,43
22/03/2014,1:45:00,32
22/03/2014,2:00:00,28
22/03/2014,2:15:00,25
22/03/2014,2:30:00,26
22/03/2014,2:45:00,29
22/03/2014,3:00:00,22
22/03/2014,3:15:00,29
22/03/2014,3:30:00,23
22/03/2014,3:45:00,31
22/03/2014,4:00:00,40
22/03/2014,4:15:00,30
22/03/2014,4:30:00,44
22/03/2014,4:45:00,48
22/03/2014,5:00:00,53
22/03/2014,5:15:00,73
22/03/2014,5:30:00,60
22/03/2014,5:45:00,68
22/03/2014,6:00:00,79
22/03/2014,6:15:00,112
22/03/2014,6:30:00,138
22/03/2014,6:45:00,158
22/03/2014,7:00:00,164
22/03/2014,7:15:00,202
22/03/2014,7:30:00,234
22/03/2014,7:45:00,268
22/03/2014,8:00:00,293
22/03/2014,8:15:00,281
22/03/2014,8:30:00,314
22/03/2014,8:45:00,349
22/03/2014,9:00:00,411
22/03/2014,9:15:00,395
22/03/2014,9:30:00,459
22/03/2014,9:45:00,484
22/03/2014,10:00:00,485
22/03/2014,10:15:00,555
22/03/2014,10:30:00,517
22/03/2014,10:45:00,553
22/03/2014,11:00:00,553
22/03/2014,11:15:00,565
22/03/2014,11:30:00,587
22/03/2014,11:45:00,542
22/03/2014,12:00:00,553
22/03/2014,12:15:00,534
22/03/2014,12:30:00,487
22/03/2014,12:45:00,395
22/03/2014,13:00:00,504
22/03/2014,13:15:00,493
22/03/2014,13:30:00,410
22/03/2014,13:45:00,401
22/03/2014,14:00:00,397
22/03/2014,14:15:00,405
22/03/2014,14:30:00,399
22/03/2014,14:45:00,393
22/03/2014,15:00:00,418
22/03/2014,15:15:00,414
22/03/2014,15:30:00,400
22/03/2014,15:45:00,437
22/03/2014,16:00:00,401
22/03/2014,16:15:00,468
22/03/2014,16:30:00,431
22/03/2014,16:45:00,479
22/03/2014,17:00:00,443
22/03/2014,17:15:00,462
22/03/2014,17:30:00,464
22/03/2014,17:45:00,631
22/03/2014,18:00:00,518
22/03/2014,18:15:00,458
22/03/2014,18:30:00,436
22/03/2014,18:45:00,383
22/03/2014,19:00:00,282
22/03/2014,19:15:00,284
22/03/2014,19:30:00,277
22/03/2014,19:45:00,264
22/03/2014,20:00:00,213
22/03/2014,20:15:00,186
22/03/2014,20:30:00,172
22/03/2014,20:45:00,133
22/03/2014,21:00:00,116
22/03/2014,21:15:00,118
22/03/2014,21:30:00,109
22/03/2014,21:45:00,75
22/03/2014,22:00:00,62
22/03/2014,22:15:00,79
22/03/2014,22:30:00,69
22/03/2014,22:45:00,60
22/03/2014,23:00:00,60
22/03/2014,23:15:00,76
22/03/2014,23:30:00,55
22/03/2014,23:45:00,76
23/03/2014,0:00:00,54
23/03/2014,0:15:00,49
23/03/2014,0:30:00,48
23/03/2014,0:45:00,28
23/03/2014,1:00:00,35
23/03/2014,1:15:00,25
23/03/2014,1:30:00,39
23/03/2014,1:45:00,24
23/03/2014,2:00:00,25
23/03/2014,2:15:00,34
23/03/2014,2:30:00,23
23/03/2014,2:45:00,23
23/03/2014,3:00:00,13
23/03/2014,3:15:00,20
23/03/2014,3:30:00,26
23/03/2014,3:45:00,26
23/03/2014,4:00:00,24
23/03/2014,4:15:00,37
23/03/2014,4:30:00,37
23/03/2014,4:45:00,23
23/03/2014,5:00:00,27
23/03/2014,5:15:00,43
23/03/2014,5:30:00,33
23/03/2014,5:45:00,32
23/03/2014,6:00:00,45
23/03/2014,6:15:00,51
23/03/2014,6:30:00,48
23/03/2014,6:45:00,69
23/03/2014,7:00:00,61
23/03/2014,7:15:00,94
23/03/2014,7:30:00,84
23/03/2014,7:45:00,118
23/03/2014,8:00:00,120
23/03/2014,8:15:00,138
23/03/2014,8:30:00,159
23/03/2014,8:45:00,192
23/03/2014,9:00:00,225
23/03/2014,9:15:00,232
23/03/2014,9:30:00,294
23/03/2014,9:45:00,306
23/03/2014,10:00:00,366
23/03/2014,10:15:00,377
23/03/2014,10:30:00,474
23/03/2014,10:45:00,505
23/03/2014,11:00:00,494
23/03/2014,11:15:00,523
23/03/2014,11:30:00,539
23/03/2014,11:45:00,582
23/03/2014,12:00:00,548
23/03/2014,12:15:00,535
23/03/2014,12:30:00,550
23/03/2014,12:45:00,543
23/03/2014,13:00:00,527
23/03/2014,13:15:00,532
23/03/2014,13:30:00,524
23/03/2014,13:45:00,548
23/03/2014,14:00:00,583
23/03/2014,14:15:00,639
23/03/2014,14:30:00,555
23/03/2014,14:45:00,635
23/03/2014,15:00:00,637
23/03/2014,15:15:00,626
23/03/2014,15:30:00,641
23/03/2014,15:45:00,735
23/03/2014,16:00:00,734
23/03/2014,16:15:00,712
23/03/2014,16:30:00,732
23/03/2014,16:45:00,762
23/03/2014,17:00:00,746
23/03/2014,17:15:00,706
23/03/2014,17:30:00,709
23/03/2014,17:45:00,705
23/03/2014,18:00:00,723
23/03/2014,18:15:00,675
23/03/2014,18:30:00,686
23/03/2014,18:45:00,557
23/03/2014,19:00:00,507
23/03/2014,19:15:00,522
23/03/2014,19:30:00,410
23/03/2014,19:45:00,457
23/03/2014,20:00:00,384
23/03/2014,20:15:00,337
23/03/2014,20:30:00,349
23/03/2014,20:45:00,302
23/03/2014,21:00:00,259
23/03/2014,21:15:00,200
23/03/2014,21:30:00,195
23/03/2014,21:45:00,130
23/03/2014,22:00:00,129
23/03/2014,22:15:00,103
23/03/2014,22:30:00,89
23/03/2014,22:45:00,88
23/03/2014,23:00:00,68
23/03/2014,23:15:00,64
23/03/2014,23:30:00,43
23/03/2014,23:45:00,32
24/03/2014,0:00:00,38
24/03/2014,0:15:00,34
24/03/2014,0:30:00,40
24/03/2014,0:45:00,13
24/03/2014,1:00:00,23
24/03/2014,1:15:00,23
24/03/2014,1:30:00,22
24/03/2014,1:45:00,14
24/03/2014,2:00:00,13
24/03/2014,2:15:00,24
24/03/2014,2:30:00,22
24/03/2014,2:45:00,37
24/03/2014,3:00:00,22
24/03/2014,3:15:00,39
24/03/2014,3:30:00,55
24/03/2014,3:45:00,81
24/03/2014,4:00:00,105
24/03/2014,4:15:00,140
24/03/2014,4:30:00,135
24/03/2014,4:45:00,206
24/03/2014,5:00:00,322
24/03/2014,5:15:00,349
24/03/2014,5:30:00,411
24/03/2014,5:45:00,640
24/03/2014,6:00:00,724
24/03/2014,6:15:00,822
24/03/2014,6:30:00,891
24/03/2014,6:45:00,914
24/03/2014,7:00:00,472
24/03/2014,7:15:00,562
24/03/2014,7:30:00,714
24/03/2014,7:45:00,317
24/03/2014,8:00:00,598
24/03/2014,8:15:00,622
24/03/2014,8:30:00,603
24/03/2014,8:45:00,580
24/03/2014,9:00:00,428
24/03/2014,9:15:00,551
24/03/2014,9:30:00,659
24/03/2014,9:45:00,483
24/03/2014,10:00:00,456
24/03/2014,10:15:00,564
24/03/2014,10:30:00,613
24/03/2014,10:45:00,576
24/03/2014,11:00:00,763
24/03/2014,11:15:00,562
24/03/2014,11:30:00,430
24/03/2014,11:45:00,493
24/03/2014,12:00:00,481
24/03/2014,12:15:00,474
24/03/2014,12:30:00,445
24/03/2014,12:45:00,452
24/03/2014,13:00:00,503
24/03/2014,13:15:00,462
24/03/2014,13:30:00,510
24/03/2014,13:45:00,545
24/03/2014,14:00:00,507
24/03/2014,14:15:00,514
24/03/2014,14:30:00,623
24/03/2014,14:45:00,610
24/03/2014,15:00:00,635
24/03/2014,15:15:00,637
24/03/2014,15:30:00,599
24/03/2014,15:45:00,610
24/03/2014,16:00:00,615
24/03/2014,16:15:00,670
24/03/2014,16:30:00,737
24/03/2014,16:45:00,751
24/03/2014,17:00:00,700
24/03/2014,17:15:00,691
24/03/2014,17:30:00,673
24/03/2014,17:45:00,686
24/03/2014,18:00:00,681
24/03/2014,18:15:00,553
24/03/2014,18:30:00,465
24/03/2014,18:45:00,385
24/03/2014,19:00:00,358
24/03/2014,19:15:00,304
24/03/2014,19:30:00,287
24/03/2014,19:45:00,291
24/03/2014,20:00:00,236
24/03/2014,20:15:00,260
24/03/2014,20:30:00,207
24/03/2014,20:45:00,179
24/03/2014,21:00:00,156
24/03/2014,21:15:00,110
24/03/2014,21:30:00,115
24/03/2014,21:45:00,85
24/03/2014,22:00:00,70
24/03/2014,22:15:00,93
24/03/2014,22:30:00,79
24/03/2014,22:45:00,72
24/03/2014,23:00:00,57
24/03/2014,23:15:00,59
24/03/2014,23:30:00,45
24/03/2014,23:45:00,35
25/03/2014,0:00:00,36
25/03/2014,0:15:00,28
25/03/2014,0:30:00,48
25/03/2014,0:45:00,28
25/03/2014,1:00:00,20
25/03/2014,1:15:00,19
25/03/2014,1:30:00,29
25/03/2014,1:45:00,22
25/03/2014,2:00:00,29
25/03/2014,2:15:00,21
25/03/2014,2:30:00,14
25/03/2014,2:45:00,22
25/03/2014,3:00:00,21
25/03/2014,3:15:00,19
25/03/2014,3:30:00,34
25/03/2014,3:45:00,37
25/03/2014,4:00:00,45
25/03/2014,4:15:00,72
25/03/2014,4:30:00,86
25/03/2014,4:45:00,106
25/03/2014,5:00:00,158
25/03/2014,5:15:00,203
25/03/2014,5:30:00,287
25/03/2014,5:45:00,371
25/03/2014,6:00:00,493
25/03/2014,6:15:00,683
25/03/2014,6:30:00,777
25/03/2014,6:45:00,836
25/03/2014,7:00:00,813
25/03/2014,7:15:00,810
25/03/2014,7:30:00,746
25/03/2014,7:45:00,614
25/03/2014,8:00:00,295
25/03/2014,8:15:00,732
25/03/2014,8:30:00,722
25/03/2014,8:45:00,787
25/03/2014,9:00:00,715
25/03/2014,9:15:00,704
25/03/2014,9:30:00,776
25/03/2014,9:45:00,587
25/03/2014,10:00:00,550
25/03/2014,10:15:00,519
25/03/2014,10:30:00,517
25/03/2014,10:45:00,496
25/03/2014,11:00:00,507
25/03/2014,11:15:00,466
25/03/2014,11:30:00,478
25/03/2014,11:45:00,285
25/03/2014,12:00:00,377
25/03/2014,12:15:00,554
25/03/2014,12:30:00,530
25/03/2014,12:45:00,672
25/03/2014,13:00:00,790
25/03/2014,13:15:00,716
25/03/2014,13:30:00,537
25/03/2014,13:45:00,511
25/03/2014,14:00:00,564
25/03/2014,14:15:00,596
25/03/2014,14:30:00,578
25/03/2014,14:45:00,602
25/03/2014,15:00:00,717
25/03/2014,15:15:00,659
25/03/2014,15:30:00,723
25/03/2014,15:45:00,678
25/03/2014,16:00:00,851
25/03/2014,16:15:00,867
25/03/2014,16:30:00,827
25/03/2014,16:45:00,874
25/03/2014,17:00:00,845
25/03/2014,17:15:00,700
25/03/2014,17:30:00,707
25/03/2014,17:45:00,748
25/03/2014,18:00:00,647
25/03/2014,18:15:00,620
25/03/2014,18:30:00,504
25/03/2014,18:45:00,414
25/03/2014,19:00:00,364
25/03/2014,19:15:00,360
25/03/2014,19:30:00,291
25/03/2014,19:45:00,289
25/03/2014,20:00:00,238
25/03/2014,20:15:00,203
25/03/2014,20:30:00,221
25/03/2014,20:45:00,163
25/03/2014,21:00:00,161
25/03/2014,21:15:00,159
25/03/2014,21:30:00,147
25/03/2014,21:45:00,161
26/03/2014,3:30:00,38
26/03/2014,3:45:00,29
26/03/2014,4:00:00,43
26/03/2014,4:15:00,63
26/03/2014,4:30:00,68
26/03/2014,4:45:00,117
26/03/2014,5:00:00,121
26/03/2014,5:15:00,223
26/03/2014,5:30:00,218
26/03/2014,5:45:00,346
26/03/2014,6:00:00,502
26/03/2014,6:15:00,722
26/03/2014,6:30:00,723
26/03/2014,6:45:00,746
26/03/2014,7:00:00,777
26/03/2014,7:15:00,791
26/03/2014,3:15:00,33
26/03/2014,3:00:00,36
26/03/2014,2:45:00,28
26/03/2014,2:30:00,28
26/03/2014,12:15:00,536
26/03/2014,12:30:00,524
26/03/2014,12:45:00,524
26/03/2014,13:00:00,515
26/03/2014,13:15:00,519
26/03/2014,13:30:00,534
26/03/2014,13:45:00,541
26/03/2014,14:00:00,574
26/03/2014,14:15:00,581
26/03/2014,14:30:00,651
26/03/2014,14:45:00,648
26/03/2014,15:00:00,679
26/03/2014,15:15:00,747
26/03/2014,15:30:00,705
26/03/2014,15:45:00,713
26/03/2014,16:00:00,730
26/03/2014,16:15:00,835
26/03/2014,16:30:00,830
26/03/2014,2:15:00,28
26/03/2014,2:00:00,33
26/03/2014,1:45:00,22
26/03/2014,1:30:00,31
26/03/2014,1:15:00,34
26/03/2014,1:00:00,19
26/03/2014,0:45:00,34
26/03/2014,0:30:00,35
26/03/2014,0:15:00,56
26/03/2014,0:00:00,54
25/03/2014,23:45:00,66
26/03/2014,19:30:00,195
26/03/2014,19:45:00,170
26/03/2014,20:00:00,295
26/03/2014,20:15:00,463
26/03/2014,20:30:00,217
26/03/2014,20:45:00,222
26/03/2014,21:00:00,175
25/03/2014,23:30:00,70
25/03/2014,23:15:00,82
26/03/2014,21:45:00,100
26/03/2014,22:00:00,110
26/03/2014,22:15:00,107
26/03/2014,22:30:00,66
26/03/2014,22:45:00,48
26/03/2014,23:00:00,53
26/03/2014,23:15:00,42
26/03/2014,23:30:00,50
26/03/2014,23:45:00,54
27/03/2014,0:00:00,38
27/03/2014,0:15:00,34
27/03/2014,0:30:00,41
27/03/2014,0:45:00,25
27/03/2014,1:00:00,26
27/03/2014,1:15:00,29
27/03/2014,1:30:00,20
27/03/2014,1:45:00,37
27/03/2014,2:00:00,19
25/03/2014,23:00:00,129
25/03/2014,22:45:00,105
27/03/2014,2:45:00,18
27/03/2014,3:00:00,31
27/03/2014,3:15:00,38
27/03/2014,3:30:00,34
27/03/2014,3:45:00,35
27/03/2014,4:00:00,46
27/03/2014,4:15:00,62
27/03/2014,4:30:00,63
27/03/2014,4:45:00,114
27/03/2014,5:00:00,130
27/03/2014,5:15:00,211
27/03/2014,5:30:00,231
27/03/2014,5:45:00,356
27/03/2014,6:00:00,481
27/03/2014,6:15:00,670
27/03/2014,6:30:00,667
27/03/2014,6:45:00,829
27/03/2014,7:00:00,771
27/03/2014,7:15:00,728
27/03/2014,7:30:00,738
27/03/2014,7:45:00,634
27/03/2014,8:00:00,729
27/03/2014,8:15:00,638
27/03/2014,8:30:00,721
27/03/2014,8:45:00,569
27/03/2014,9:00:00,590
27/03/2014,9:15:00,609
27/03/2014,9:30:00,629
27/03/2014,9:45:00,580
27/03/2014,10:00:00,562
27/03/2014,10:15:00,545
27/03/2014,10:30:00,557
25/03/2014,22:30:00,153
25/03/2014,22:15:00,207
25/03/2014,22:00:00,162
26/03/2014,11:15:00,496
26/03/2014,11:00:00,462
26/03/2014,10:45:00,537
26/03/2014,10:30:00,514
26/03/2014,10:15:00,545
26/03/2014,10:00:00,524
26/03/2014,9:45:00,644
26/03/2014,9:30:00,815
26/03/2014,9:15:00,867
26/03/2014,9:00:00,654
26/03/2014,8:45:00,579
26/03/2014,8:30:00,409
26/03/2014,8:15:00,335
26/03/2014,8:00:00,771
26/03/2014,7:45:00,782
26/03/2014,7:30:00,601
26/03/2014,11:30:00,480
26/03/2014,11:45:00,482
26/03/2014,12:00:00,528
26/03/2014,16:45:00,776
26/03/2014,17:00:00,702
26/03/2014,17:15:00,715
26/03/2014,17:30:00,724
26/03/2014,17:45:00,697
26/03/2014,18:00:00,575
26/03/2014,18:15:00,622
26/03/2014,18:30:00,559
26/03/2014,18:45:00,525
26/03/2014,19:00:00,413
26/03/2014,19:15:00,372
26/03/2014,21:15:00,169
26/03/2014,21:30:00,141
27/03/2014,2:15:00,26
27/03/2014,2:30:00,11
27/03/2014,10:45:00,580
27/03/2014,11:00:00,504
27/03/2014,11:15:00,531
27/03/2014,11:30:00,546
27/03/2014,11:45:00,555
27/03/2014,12:00:00,487
27/03/2014,12:15:00,515
27/03/2014,12:30:00,556
27/03/2014,12:45:00,591
27/03/2014,13:00:00,535
27/03/2014,13:15:00,627
27/03/2014,13:30:00,616
27/03/2014,13:45:00,610
27/03/2014,14:00:00,636
27/03/2014,14:15:00,721
27/03/2014,14:30:00,711
27/03/2014,14:45:00,719
27/03/2014,15:00:00,695
27/03/2014,15:15:00,728
27/03/2014,15:30:00,834
27/03/2014,15:45:00,893
27/03/2014,16:00:00,826
27/03/2014,16:15:00,855
27/03/2014,16:30:00,910
27/03/2014,16:45:00,828
27/03/2014,17:00:00,726
27/03/2014,17:15:00,658
27/03/2014,17:30:00,700
27/03/2014,17:45:00,772
27/03/2014,18:00:00,706
27/03/2014,18:15:00,699
27/03/2014,18:30:00,685
27/03/2014,18:45:00,574
27/03/2014,19:00:00,515
27/03/2014,19:15:00,518
27/03/2014,19:30:00,442
27/03/2014,19:45:00,359
27/03/2014,20:00:00,342
27/03/2014,20:15:00,265
27/03/2014,20:30:00,246
27/03/2014,20:45:00,192
27/03/2014,21:00:00,149
27/03/2014,21:15:00,170
27/03/2014,21:30:00,129
27/03/2014,21:45:00,97
27/03/2014,22:00:00,115
27/03/2014,22:15:00,82
27/03/2014,22:30:00,76
27/03/2014,22:45:00,58
27/03/2014,23:00:00,54
27/03/2014,23:15:00,52
27/03/2014,23:30:00,47
27/03/2014,23:45:00,44
28/03/2014,0:00:00,34
28/03/2014,0:15:00,32
28/03/2014,0:30:00,38
28/03/2014,0:45:00,23
28/03/2014,1:00:00,33
28/03/2014,1:15:00,31
28/03/2014,1:30:00,17
28/03/2014,1:45:00,19
28/03/2014,2:00:00,20
28/03/2014,2:15:00,24
28/03/2014,2:30:00,30
28/03/2014,2:45:00,24
28/03/2014,3:00:00,26
28/03/2014,3:15:00,26
28/03/2014,3:30:00,32
28/03/2014,3:45:00,26
28/03/2014,4:00:00,51
28/03/2014,4:15:00,70
28/03/2014,4:30:00,63
28/03/2014,4:45:00,90
28/03/2014,5:00:00,90
28/03/2014,5:15:00,160
28/03/2014,5:30:00,225
28/03/2014,5:45:00,294
28/03/2014,6:00:00,402
28/03/2014,6:15:00,545
28/03/2014,6:30:00,521
28/03/2014,6:45:00,553
28/03/2014,7:00:00,551
28/03/2014,7:15:00,538
28/03/2014,7:30:00,555
28/03/2014,7:45:00,538
28/03/2014,8:00:00,516
28/03/2014,8:15:00,482
28/03/2014,8:30:00,468
28/03/2014,8:45:00,451
28/03/2014,9:00:00,508
28/03/2014,9:15:00,516
28/03/2014,9:30:00,497
28/03/2014,9:45:00,476
28/03/2014,10:00:00,532
28/03/2014,10:15:00,559
28/03/2014,10:30:00,639
28/03/2014,10:45:00,619
28/03/2014,11:00:00,574
28/03/2014,11:15:00,476
28/03/2014,11:30:00,472
28/03/2014,11:45:00,835
28/03/2014,12:00:00,840
28/03/2014,12:15:00,667
28/03/2014,12:30:00,716
28/03/2014,12:45:00,754
28/03/2014,13:00:00,739
28/03/2014,13:15:00,747
28/03/2014,13:30:00,826
28/03/2014,13:45:00,859
28/03/2014,14:00:00,806
28/03/2014,14:15:00,853
28/03/2014,14:30:00,753
28/03/2014,14:45:00,879
28/03/2014,15:00:00,831
28/03/2014,15:15:00,883
28/03/2014,15:30:00,861
28/03/2014,15:45:00,800
28/03/2014,16:00:00,877
28/03/2014,16:15:00,810
28/03/2014,16:30:00,855
28/03/2014,16:45:00,836
28/03/2014,17:00:00,837
28/03/2014,17:15:00,742
28/03/2014,17:30:00,759
28/03/2014,17:45:00,684
28/03/2014,18:00:00,687
28/03/2014,18:15:00,625
28/03/2014,18:30:00,517
28/03/2014,18:45:00,516
28/03/2014,19:00:00,496
28/03/2014,19:15:00,454
28/03/2014,19:30:00,434
28/03/2014,19:45:00,357
28/03/2014,20:00:00,325
28/03/2014,20:15:00,338
28/03/2014,20:30:00,299
28/03/2014,20:45:00,252
28/03/2014,21:00:00,220
28/03/2014,21:15:00,197
28/03/2014,21:30:00,150
28/03/2014,21:45:00,112
28/03/2014,22:00:00,56
28/03/2014,22:15:00,14
28/03/2014,22:30:00,14
28/03/2014,22:45:00,14
28/03/2014,23:00:00,1
28/03/2014,23:15:00,0.25
28/03/2014,23:30:00,0.25
28/03/2014,23:45:00,0.25
29/03/2014,0:00:00,54.5
29/03/2014,0:15:00,47
29/03/2014,0:30:00,46
29/03/2014,0:45:00,41.5
29/03/2014,1:00:00,2
29/03/2014,1:15:00,1
29/03/2014,1:30:00,9
29/03/2014,1:45:00,28
29/03/2014,2:00:00,31
29/03/2014,2:15:00,26
29/03/2014,2:30:00,31
29/03/2014,2:45:00,27
29/03/2014,3:00:00,31
29/03/2014,3:15:00,39
29/03/2014,3:30:00,34
29/03/2014,3:45:00,32
29/03/2014,4:00:00,33
29/03/2014,4:15:00,36
29/03/2014,4:30:00,38
29/03/2014,4:45:00,46
29/03/2014,5:00:00,51
29/03/2014,5:15:00,51
29/03/2014,5:30:00,79
29/03/2014,5:45:00,66
29/03/2014,6:00:00,114
29/03/2014,6:15:00,149
29/03/2014,6:30:00,146
29/03/2014,6:45:00,161
29/03/2014,7:00:00,155
29/03/2014,7:15:00,204
29/03/2014,7:30:00,242
29/03/2014,7:45:00,229
29/03/2014,8:00:00,240
29/03/2014,8:15:00,252
29/03/2014,8:30:00,356
29/03/2014,8:45:00,390
29/03/2014,9:00:00,396
29/03/2014,9:15:00,467
29/03/2014,9:30:00,467
29/03/2014,9:45:00,535
29/03/2014,10:00:00,556
29/03/2014,10:15:00,555
29/03/2014,10:30:00,591
29/03/2014,10:45:00,632
29/03/2014,11:00:00,612
29/03/2014,11:15:00,648
29/03/2014,11:30:00,671
29/03/2014,11:45:00,601
29/03/2014,12:00:00,651
29/03/2014,12:15:00,626
29/03/2014,12:30:00,566
29/03/2014,12:45:00,533
29/03/2014,13:00:00,503
29/03/2014,13:15:00,494
29/03/2014,13:30:00,480
29/03/2014,13:45:00,439
29/03/2014,14:00:00,471
29/03/2014,14:15:00,458
29/03/2014,14:30:00,433
29/03/2014,14:45:00,456
29/03/2014,15:00:00,450
29/03/2014,15:15:00,398
29/03/2014,15:30:00,436
29/03/2014,15:45:00,433
29/03/2014,16:00:00,461
29/03/2014,16:15:00,462
29/03/2014,16:30:00,475
29/03/2014,16:45:00,479
29/03/2014,17:00:00,523
29/03/2014,17:15:00,545
29/03/2014,17:30:00,581
29/03/2014,17:45:00,651
29/03/2014,18:00:00,611
29/03/2014,18:15:00,535
29/03/2014,18:30:00,452
29/03/2014,18:45:00,403
29/03/2014,19:00:00,353
29/03/2014,19:15:00,324
29/03/2014,19:30:00,257
29/03/2014,19:45:00,264
29/03/2014,20:00:00,232
29/03/2014,20:15:00,241
29/03/2014,20:30:00,167
29/03/2014,20:45:00,148
29/03/2014,21:00:00,123
29/03/2014,21:15:00,122
29/03/2014,21:30:00,127
29/03/2014,21:45:00,135
29/03/2014,22:00:00,119
29/03/2014,22:15:00,95
29/03/2014,22:30:00,93
29/03/2014,22:45:00,99
29/03/2014,23:00:00,57
29/03/2014,23:15:00,75
29/03/2014,23:30:00,63
29/03/2014,23:45:00,60
30/03/2014,0:00:00,55
30/03/2014,0:15:00,64
30/03/2014,0:30:00,61
30/03/2014,0:45:00,47
30/03/2014,1:00:00,32
30/03/2014,1:15:00,22
30/03/2014,1:30:00,20
30/03/2014,1:45:00,26
30/03/2014,2:00:00,22
30/03/2014,2:15:00,23.5
30/03/2014,2:30:00,21
30/03/2014,2:45:00,22.5
30/03/2014,3:00:00,32
30/03/2014,3:15:00,27
30/03/2014,3:30:00,35
30/03/2014,3:45:00,37
30/03/2014,4:00:00,32
30/03/2014,4:15:00,30
30/03/2014,4:30:00,24
30/03/2014,4:45:00,26
30/03/2014,5:00:00,34
30/03/2014,5:15:00,36
30/03/2014,5:30:00,43
30/03/2014,5:45:00,42
30/03/2014,6:00:00,44
30/03/2014,6:15:00,41
30/03/2014,6:30:00,69
30/03/2014,6:45:00,57
30/03/2014,7:00:00,70
30/03/2014,7:15:00,61
30/03/2014,7:30:00,82
30/03/2014,7:45:00,71
30/03/2014,8:00:00,112
30/03/2014,8:15:00,109
30/03/2014,8:30:00,178
30/03/2014,8:45:00,168
30/03/2014,9:00:00,208
30/03/2014,9:15:00,237
30/03/2014,9:30:00,262
30/03/2014,9:45:00,283
30/03/2014,10:00:00,324
30/03/2014,10:15:00,391
30/03/2014,10:30:00,457
30/03/2014,10:45:00,526
30/03/2014,11:00:00,595
30/03/2014,11:15:00,509
30/03/2014,11:30:00,588
30/03/2014,11:45:00,642
30/03/2014,12:00:00,614
30/03/2014,12:15:00,611
30/03/2014,12:30:00,590
30/03/2014,12:45:00,553
30/03/2014,13:00:00,617
30/03/2014,13:15:00,547
30/03/2014,13:30:00,532
30/03/2014,13:45:00,604
30/03/2014,14:00:00,606
30/03/2014,14:15:00,543
30/03/2014,14:30:00,597
30/03/2014,14:45:00,531
30/03/2014,15:00:00,620
30/03/2014,15:15:00,664
30/03/2014,15:30:00,647
30/03/2014,15:45:00,688
30/03/2014,16:00:00,665
30/03/2014,16:15:00,788
30/03/2014,16:30:00,713
30/03/2014,16:45:00,776
30/03/2014,17:00:00,758
30/03/2014,17:15:00,769
30/03/2014,17:30:00,753
30/03/2014,17:45:00,716
30/03/2014,18:00:00,765
30/03/2014,18:15:00,633
30/03/2014,18:30:00,778
30/03/2014,18:45:00,737
30/03/2014,19:00:00,649
30/03/2014,19:15:00,627
30/03/2014,19:30:00,578
30/03/2014,19:45:00,494
30/03/2014,20:00:00,522
30/03/2014,20:15:00,464
30/03/2014,20:30:00,439
30/03/2014,20:45:00,364
30/03/2014,21:00:00,343
30/03/2014,21:15:00,288
30/03/2014,21:30:00,235
30/03/2014,21:45:00,211
30/03/2014,22:00:00,126
30/03/2014,22:15:00,146
30/03/2014,22:30:00,113
30/03/2014,22:45:00,100
30/03/2014,23:00:00,113
30/03/2014,23:15:00,145
30/03/2014,23:30:00,154
30/03/2014,23:45:00,148
31/03/2014,0:00:00,127
31/03/2014,0:15:00,64
31/03/2014,0:30:00,45
31/03/2014,0:45:00,44
31/03/2014,1:00:00,41
31/03/2014,1:15:00,34
31/03/2014,1:30:00,21
31/03/2014,1:45:00,28
31/03/2014,2:00:00,15
31/03/2014,2:15:00,24
31/03/2014,2:30:00,27
31/03/2014,2:45:00,28
31/03/2014,3:00:00,35
31/03/2014,3:15:00,44
31/03/2014,3:30:00,57
31/03/2014,3:45:00,71
31/03/2014,4:00:00,89
31/03/2014,4:15:00,133
31/03/2014,4:30:00,187
31/03/2014,4:45:00,234
31/03/2014,5:00:00,276
31/03/2014,5:15:00,385
31/03/2014,5:30:00,478
31/03/2014,5:45:00,555
31/03/2014,6:00:00,754
31/03/2014,6:15:00,856
31/03/2014,6:30:00,897
31/03/2014,6:45:00,831
31/03/2014,7:00:00,603
31/03/2014,7:15:00,520
31/03/2014,7:30:00,551
31/03/2014,7:45:00,349
31/03/2014,8:00:00,383
31/03/2014,8:15:00,427
31/03/2014,8:30:00,397
31/03/2014,8:45:00,529
31/03/2014,9:00:00,780
31/03/2014,9:15:00,440
31/03/2014,9:30:00,709
31/03/2014,9:45:00,685
31/03/2014,10:00:00,614
31/03/2014,10:15:00,647
31/03/2014,10:30:00,741
31/03/2014,10:45:00,554
31/03/2014,11:00:00,507
31/03/2014,11:15:00,663
31/03/2014,11:30:00,608
31/03/2014,11:45:00,551
31/03/2014,12:00:00,589
31/03/2014,12:15:00,561
31/03/2014,12:30:00,513
31/03/2014,12:45:00,523
31/03/2014,13:00:00,588
31/03/2014,13:15:00,483
31/03/2014,13:30:00,527
31/03/2014,13:45:00,578
31/03/2014,14:00:00,562
31/03/2014,14:15:00,584
31/03/2014,14:30:00,588
31/03/2014,14:45:00,617
31/03/2014,15:00:00,647
31/03/2014,15:15:00,606
31/03/2014,15:30:00,574
31/03/2014,15:45:00,530
31/03/2014,16:00:00,532
31/03/2014,16:15:00,621
31/03/2014,16:30:00,732
31/03/2014,16:45:00,707
31/03/2014,17:00:00,684
31/03/2014,17:15:00,564
31/03/2014,17:30:00,750
31/03/2014,17:45:00,700
31/03/2014,18:00:00,687
31/03/2014,18:15:00,647
31/03/2014,18:30:00,568
31/03/2014,18:45:00,506
31/03/2014,19:00:00,493
31/03/2014,19:15:00,420
31/03/2014,19:30:00,342
31/03/2014,19:45:00,303
31/03/2014,20:00:00,276
31/03/2014,20:15:00,275
31/03/2014,20:30:00,204
31/03/2014,20:45:00,177
31/03/2014,21:00:00,168
31/03/2014,21:15:00,146
31/03/2014,21:30:00,141
31/03/2014,21:45:00,142
31/03/2014,22:00:00,109
31/03/2014,22:15:00,95
31/03/2014,22:30:00,66
31/03/2014,22:45:00,75
31/03/2014,23:00:00,47
31/03/2014,23:15:00,51
31/03/2014,23:30:00,40
31/03/2014,23:45:00,37
