WKT,ADCODE,ID,NAME,DIRDESC,FNAME,TNAME,LENGTH,ROADCLASS
"LINESTRING (116.455207 39.980997,116.455362 39.981217,116.455883 39.981952,116.456392 39.982692,116.456596 39.982982,116.456645 39.983051,116.457095 39.983813,116.457331 39.984178,116.457208 39.98435,116.45716 39.985122,116.457143 39.985771,116.457101 39.986737,116.457095 39.986758,116.457058 39.98744,116.457052 39.987965,116.457074 39.988282,116.45717 39.988824,116.457186 39.988883,116.457251 39.989167,116.457294 39.989328,116.457337 39.989676,116.457342 39.990234,116.457342 39.990497,116.457315 39.991109,116.457315 39.991554,116.457374 39.992493,116.457396 39.992772,116.457422 39.992976,116.457519 39.994376,116.457519 39.994435,116.457546 39.99503,116.457562 39.995341,116.457615 39.996065,116.457648 39.9968,116.457637 39.996994,116.457637 39.997106,116.457648 39.997337,116.457675 39.998056,116.457707 39.998598,116.457782 39.999826,116.457846 40.000786,116.457852 40.000872,116.457868 40.001221,116.457868 40.00129,116.457889 40.001543,116.45797 40.003211,116.45797 40.003275,116.458023 40.00459,116.458039 40.004847,116.458136 40.006945,116.4582 40.007991,116.458195 40.008232)",110000,137,望京西路,由南向北,望京桥,望京西路北口,2985,44000
"LINESTRING (116.45798 40.008575,116.457975 40.008329,116.457975 40.008232,116.45797 40.008001,116.457916 40.006928,116.457894 40.005797,116.45783 40.004686,116.45776 40.003141,116.457685 40.001414,116.457685 40.001366,116.457685 40.00129,116.45768 40.001221,116.457653 40.000872,116.457648 40.000786,116.457621 40.000244,116.457589 39.999295,116.457551 39.998651,116.457546 39.99849,116.457519 39.998056,116.457487 39.997337,116.457476 39.997106,116.457481 39.996994,116.457471 39.996806,116.457444 39.996232,116.457449 39.996076,116.457444 39.995894,116.457396 39.99503,116.45739 39.994998,116.457363 39.994445,116.457358 39.994397,116.457358 39.99429,116.457278 39.992959,116.457261 39.992756,116.457229 39.992493,116.457197 39.992037,116.457176 39.991575,116.457186 39.991114,116.457186 39.991087,116.457202 39.990283,116.457202 39.990234,116.457202 39.989955,116.457197 39.989687,116.457176 39.989473,116.457143 39.989328,116.457106 39.989178,116.457042 39.988872,116.457031 39.988818,116.456945 39.988346,116.456923 39.987987,116.456945 39.986742,116.456945 39.986688,116.456956 39.985659,116.456982 39.985154,116.457004 39.984205,116.456848 39.983684,116.456768 39.983529,116.456301 39.982799,116.455754 39.982005,116.455239 39.981281,116.455089 39.981077)",110000,1000137,望京西路,由北向南,,望京桥,3018,44000
"LINESTRING (116.472716 39.991313,116.47285 39.991447,116.473521 39.992074,116.473666 39.992208,116.474674 39.993115,116.474739 39.993174,116.475533 39.993893,116.476579 39.994842,116.477051 39.995266,116.477587 39.995744,116.477775 39.995915,116.47844 39.996538,116.47859 39.996725,116.478692 39.996881,116.478853 39.997267,116.478891 39.997412,116.478934 39.99775,116.478907 39.998587,116.478902 39.998699,116.478842 39.999681,116.478826 40.000287,116.478783 40.001033,116.478767 40.001221,116.478767 40.001264,116.478724 40.002004,116.478719 40.002095,116.478639 40.003259,116.478623 40.003603,116.478547 40.004885)",110000,1143,阜安西路,由南向北,广顺南大街,河荫中路东口,1630,44000
"LINESTRING (116.478429 40.004901,116.478499 40.003704,116.478515 40.003415,116.478526 40.003259,116.47858 40.002084,116.478585 40.001999,116.478612 40.001264,116.478617 40.001221,116.478644 40.000883,116.478655 40.000738,116.478692 40.000309,116.478783 39.998694,116.4788 39.998331,116.478828 39.997998,116.478828 39.997782,116.478806 39.997515,116.478772 39.997376,116.478716 39.997182,116.478631 39.996984,116.478479 39.996742,116.478242 39.996478,116.477051 39.995384,116.476509 39.994891,116.47571 39.994183,116.474658 39.993228,116.474594 39.993163,116.47358 39.992235,116.473478 39.992133,116.472765 39.991506,116.47262 39.991377)",110000,1001143,阜安西路,由北向南,河荫中路,广顺南大街,1310,44000
"LINESTRING (116.472486 39.994574,116.472679 39.99444,116.473301 39.994006,116.474513 39.993212,116.474749 39.993061,116.475474 39.992579,116.475559 39.992525,116.476251 39.992058,116.476514 39.991887,116.477051 39.991527,116.477421 39.991291,116.477517 39.991232,116.479025 39.990234,116.479626 39.989832,116.479765 39.989746,116.480779 39.989076,116.481305 39.988716,116.481332 39.9887,116.482077 39.988228,116.483365 39.987386)",110000,1191,阜荣街,由西向东,阜通西大街,望京东路,1155,44000
"LINESTRING (116.483418 39.987434,116.482126 39.988292,116.481401 39.988786,116.481375 39.988802,116.480865 39.989124,116.480817 39.989156,116.47984 39.989811,116.479701 39.989902,116.479197 39.990234,116.477909 39.991087,116.477576 39.991286,116.47748 39.99135,116.477051 39.991645,116.476026 39.992332,116.474814 39.993126,116.474589 39.993276,116.474433 39.993389,116.473666 39.993882,116.472743 39.994494,116.472539 39.994617)",110000,1001191,阜荣街,由东向西,望京东路,阜荣街口,1160,44000
"LINESTRING (116.466359 39.978213,116.467459 39.979248,116.46776 39.979516,116.468285 39.979972,116.469272 39.980895,116.469948 39.981506,116.4702 39.981726,116.470436 39.981941,116.470495 39.981995,116.470919 39.982376,116.471692 39.983073,116.472276 39.983593,116.472512 39.983802,116.472588 39.983878,116.472732 39.984006,116.473108 39.984344,116.473215 39.984446,116.473478 39.984688,116.474111 39.985288,116.474943 39.985937,116.476037 39.986721,116.476209 39.986844,116.476509 39.987059,116.477051 39.98745,116.477276 39.987611,116.477491 39.987767,116.477695 39.987928,116.477904 39.98811,116.478349 39.988502,116.479529 39.989537,116.479701 39.989687,116.479899 39.98987,116.479948 39.989913,116.480033 39.989993,116.480302 39.990234,116.480345 39.990272,116.480554 39.99046,116.481122 39.99098,116.48123 39.991077,116.4819 39.991693,116.482716 39.99245,116.48278 39.992509,116.483 39.992713,116.483182 39.992922,116.483338 39.993131,116.48344 39.993292,116.483617 39.993614,116.483772 39.994006,116.483826 39.994193,116.483912 39.994601,116.483933 39.994735,116.483949 39.995207,116.483923 39.995427,116.483772 39.99591,116.483676 39.996119,116.483354 39.996677,116.483037 39.99709,116.482662 39.99745,116.482549 39.997551,116.482362 39.997718)",110000,1199,阜通东大街,由南向北,四元西桥,阜通西大街,2640,44000
"MULTILINESTRING ((116.483762 39.995191,116.483756 39.994735,116.48374 39.994542,116.483638 39.994043,116.48352 39.993727,116.483322 39.993346,116.483193 39.993147,116.483 39.992906,116.482673 39.992573,116.482614 39.99252,116.481761 39.991736,116.481053 39.991114,116.480071 39.990234,116.479894 39.990079,116.479765 39.989961,116.479567 39.989773,116.479406 39.989628,116.47917 39.989408,116.479095 39.989339,116.478698 39.988979,116.477796 39.988201,116.477576 39.988014,116.477373 39.987847,116.477185 39.987697,116.477051 39.98759,116.476766 39.987364,116.476547 39.987187,116.47615 39.986898,116.475978 39.986769),(116.475978 39.986769,116.474889 39.985996,116.474867 39.98598,116.474369 39.9856,116.474041 39.985326,116.473741 39.985058,116.473575 39.984918,116.473387 39.984752,116.472641 39.984071,116.472496 39.983931,116.472416 39.983856,116.472196 39.983658,116.471665 39.983169,116.47085 39.982429,116.470528 39.982134,116.470431 39.982043,116.470372 39.981989,116.47012 39.981769,116.469203 39.980938,116.467679 39.979559,116.467336 39.979248,116.46674 39.978712,116.466268 39.978288,116.465812 39.97788))",110000,1001199,阜通东大街,由北向南,阜安路,曙光西路,2396,44000
"LINESTRING (116.457331 39.984178,116.457621 39.984393,116.458281 39.984752,116.458769 39.984924,116.459649 39.985149,116.459869 39.985208,116.460174 39.985288,116.461414 39.985621,116.462401 39.985889,116.462808 39.98605,116.463103 39.9862,116.463693 39.986522,116.463886 39.98664,116.464085 39.986807,116.465523 39.988083,116.465694 39.98826,116.465786 39.988341,116.465957 39.988518,116.466204 39.988775,116.466858 39.989494,116.467277 39.989918,116.46754 39.990165,116.46762 39.990234,116.467883 39.99047,116.467921 39.990508,116.467985 39.990562,116.46813 39.99069,116.468495 39.991018,116.469235 39.991693,116.469986 39.99238,116.470184 39.992546,116.470458 39.992772,116.470608 39.992895,116.471037 39.993265,116.471198 39.993399,116.472196 39.994311,116.472486 39.994574,116.472539 39.994617,116.472679 39.994751,116.473569 39.995583,116.474041 39.99599,116.474664 39.996554,116.475441 39.997256,116.475511 39.997315,116.475694 39.997471,116.475989 39.99768,116.476396 39.997922,116.476579 39.998018,116.477051 39.998211,116.477196 39.99827,116.477517 39.998378,116.477823 39.998447,116.478167 39.998506,116.478483 39.998544,116.478692 39.998565,116.478998 39.998581,116.479186 39.998565,116.479658 39.998528,116.480151 39.998453,116.480784 39.998302,116.481149 39.998184,116.481573 39.997997,116.481755 39.997905,116.482072 39.997718,116.482244 39.997605,116.482431 39.997455,116.482737 39.997192,116.482936 39.996994,116.483043 39.99687,116.483343 39.99642,116.483483 39.996151,116.483622 39.995819,116.483729 39.995411)",110000,1200,阜通西大街,由西向东,阜通西大街南口,阜安东路口,2970,44000
"LINESTRING (116.482512 39.995277,116.482238 39.995245,116.482045 39.995202,116.481723 39.995095,116.481605 39.99503,116.481353 39.994837,116.480495 39.994081,116.480382 39.993979,116.479556 39.993206,116.478392 39.992166,116.477555 39.99142,116.477421 39.991291,116.477051 39.990964,116.47637 39.990358,116.476235 39.990234,116.475576 39.989639,116.475452 39.989526,116.473768 39.990608,116.473701 39.990551,116.473494 39.990701,116.472652 39.991254,116.472555 39.991318,116.471794 39.991817,116.471407 39.99208,116.470699 39.992536,116.470404 39.992723,116.470098 39.992611,116.470056 39.992573,116.469911 39.992434,116.469069 39.991645,116.46843 39.991066,116.467851 39.990551,116.467813 39.990513,116.467513 39.990234,116.467486 39.990208,116.466917 39.989698,116.466767 39.989553,116.466113 39.988861,116.465834 39.988571,116.465673 39.98841,116.465587 39.98833,116.465249 39.987981,116.464042 39.986919,116.463495 39.986528,116.463221 39.986372,116.46298 39.986259,116.462647 39.986098,116.462358 39.985991,116.459987 39.985326,116.459633 39.985235,116.458544 39.984945,116.45827 39.984854,116.457771 39.98465,116.457208 39.98435)",110000,1001200,阜通西大街,由北向南,望京街,阜通西大街南口,2907,44000
"MULTILINESTRING ((116.470308 39.992788,116.46998 39.992986,116.469154 39.993576,116.468961 39.993748,116.468806 39.993909,116.468586 39.994199,116.468473 39.99437,116.468307 39.994773,116.468237 39.995105,116.46821 39.99547,116.468167 39.996677,116.468146 39.996897,116.468124 39.997208,116.468119 39.997283,116.468092 39.997669,116.468098 39.997863,116.468055 39.999016,116.467926 40.001194,116.467926 40.001221,116.467926 40.001274,116.467947 40.001628,116.467942 40.001725,116.467931 40.001966,116.467915 40.00239,116.467899 40.002562,116.467888 40.002712,116.467813 40.004332,116.467792 40.004681,116.467781 40.004944,116.467781 40.005019,116.467776 40.005212,116.467749 40.006043,116.467738 40.006285,116.467717 40.006698,116.46769 40.007368,116.467685 40.007519,116.467647 40.008849,116.467609 40.009745,116.467593 40.010152,116.467583 40.010448,116.467518 40.011467,116.467507 40.011606,116.467486 40.011955,116.467465 40.012207,116.467454 40.012352,116.467432 40.01306,116.4674 40.013827,116.467384 40.014235),(116.467384 40.01431,116.467309 40.015866,116.467304 40.015951,116.467255 40.017158,116.467202 40.018151,116.467202 40.01829,116.467196 40.018446,116.467164 40.01902,116.467111 40.019975,116.4671 40.020216,116.467094 40.020522))",110000,1395,广顺北大街,由南向北,阜通西大街,来广营北路,3894,44000
"LINESTRING (116.466891 40.020205,116.466912 40.01946,116.466933 40.01843,116.466939 40.018274,116.466944 40.018151,116.466998 40.01704,116.467009 40.015967,116.467019 40.015887,116.467052 40.015495,116.4671 40.014262,116.467116 40.013934,116.467132 40.013554,116.467186 40.012352,116.467191 40.012207,116.467207 40.011944,116.467223 40.011606,116.467229 40.011467,116.467282 40.010431,116.467298 40.01012,116.467379 40.008854,116.467448 40.007529,116.467459 40.007084,116.467465 40.006805,116.467475 40.006022,116.467507 40.005668,116.467529 40.005201,116.467534 40.005013,116.467534 40.004933,116.467545 40.004681,116.467593 40.004096,116.46769 40.001961,116.467706 40.001704,116.467711 40.001612,116.467706 40.001274,116.467711 40.001221,116.467711 40.001178,116.467727 40.000695,116.467781 39.999279,116.467797 39.998903,116.467851 39.997664,116.467888 39.997272,116.467894 39.997197,116.467915 39.996886,116.467969 39.995829,116.467969 39.995728,116.467974 39.99569,116.468001 39.995164,116.468039 39.99488,116.468076 39.99473,116.468157 39.994515,116.468269 39.994295,116.46828 39.994268,116.468393 39.994086,116.468554 39.993866,116.468704 39.9937,116.468918 39.993507,116.469085 39.993367,116.469857 39.992836,116.470147 39.992654)",110000,1001395,广顺北大街,由北向南,来广营北路,广顺南大街口,3916,44000
"LINESTRING (116.470249 39.992589,116.47056 39.992386,116.471461 39.991785,116.471928 39.991474,116.473355 39.990524,116.47358 39.990385,116.473811 39.990234,116.473843 39.990213,116.474261 39.989939,116.474551 39.989746,116.475136 39.989365,116.475602 39.98906,116.476439 39.988496,116.477051 39.988067,116.47711 39.98803,116.477292 39.987906,116.477582 39.987713,116.477968 39.987466,116.478757 39.986925,116.479223 39.986597,116.479636 39.986324,116.479985 39.986072,116.480457 39.985739,116.480833 39.985482,116.481149 39.985272,116.481246 39.985203,116.481578 39.984988,116.48226 39.984532,116.482587 39.984334)",110000,1396,广顺南大街,由西向东,广顺南大街口,万红西街口,1343,44000
"LINESTRING (116.482726 39.984468,116.482399 39.984698,116.481755 39.985127,116.481417 39.985337,116.481283 39.985433,116.480967 39.985637,116.479824 39.98642,116.478864 39.987107,116.478537 39.987343,116.478145 39.987627,116.47777 39.987879,116.477496 39.988067,116.477437 39.988105,116.477271 39.988207,116.477051 39.988346,116.47593 39.989086,116.475061 39.989666,116.474642 39.989945,116.474192 39.990234,116.473993 39.990363,116.473709 39.990556,116.473494 39.990701,116.472652 39.991254,116.472555 39.991318,116.471794 39.991817,116.471407 39.99208,116.470699 39.992536,116.470404 39.992723)",110000,1001396,广顺南大街,由东向西,京密路,广顺南大街口,1329,44000
"LINESTRING (116.478547 40.004949,116.478499 40.006011,116.478451 40.007202,116.47844 40.007358,116.478429 40.007679,116.478376 40.008634,116.47837 40.008731,116.478338 40.009723,116.478311 40.010142,116.478301 40.010254,116.478295 40.010383,116.478247 40.01144,116.478236 40.011601,116.478204 40.012073,116.478199 40.012207,116.478177 40.012588,116.47814 40.013387,116.478043 40.015565,116.478027 40.015951,116.477984 40.016863,116.477936 40.017325,116.477904 40.017448,116.477813 40.017657)",110000,1409,广泽路,由南向北,河荫中路,,1379,44000
"LINESTRING (116.477754 40.017641,116.477872 40.017352,116.477904 40.01718,116.477936 40.016858,116.477973 40.015951,116.477984 40.015571,116.478086 40.013387,116.478124 40.012583,116.478134 40.012207,116.478145 40.011595,116.47815 40.01144,116.478172 40.010523,116.478177 40.010378,116.478252 40.008726,116.478258 40.008634,116.478333 40.007674,116.478349 40.007395,116.478354 40.007229,116.478381 40.006016,116.478429 40.00496)",110000,1001409,广泽路,由北向南,,河荫中路,1377,44000
"LINESTRING (116.468248 39.997219,116.468521 39.997251,116.468714 39.997321,116.468865 39.997401,116.469144 39.997627,116.470356 39.998721,116.471601 39.999799,116.47167 39.999864,116.472368 40.000545,116.472641 40.000792,116.47307 40.001221,116.473119 40.001269,116.473167 40.001317,116.473365 40.001553,116.473435 40.001736,116.473451 40.001811,116.473446 40.001961,116.473408 40.002556,116.473403 40.002701,116.473365 40.003753,116.473349 40.003999,116.473317 40.004579,116.473312 40.00504,116.473306 40.005265)",110000,1526,宏昌路,由南向北,湖光中街东口,河荫中路,1041,44000
"LINESTRING (116.473237 40.00526,116.473231 40.004649,116.473264 40.003994,116.473285 40.003747,116.473312 40.002696,116.473333 40.001961,116.473339 40.001805,116.473312 40.001704,116.473274 40.001623,116.473086 40.001382,116.472979 40.001269,116.472936 40.001221,116.472813 40.001108,116.472555 40.000872,116.471568 39.999928,116.471499 39.999864,116.470871 39.999295,116.470817 39.999247,116.470286 39.998764,116.470217 39.998699,116.469069 39.99768,116.468816 39.997466,116.46872 39.997407,116.468575 39.997348,116.468242 39.997294)",110000,1001526,宏昌路,由北向南,河荫中路,湖光中街东口,1022,44000
"LINESTRING (116.468044 40.001639,116.468301 40.001655,116.469734 40.001682,116.471574 40.001746,116.472432 40.001773,116.472668 40.001779,116.473339 40.001805,116.473451 40.001811,116.474068 40.001843,116.4755 40.001891,116.475538 40.001891,116.47637 40.001923,116.477051 40.00194,116.477351 40.00195,116.478451 40.001993)",110000,1564,宏泰西街,由西向东,广顺北大街,宏泰西街东口,871,44000
"LINESTRING (116.478446 40.002079,116.477351 40.002031,116.477051 40.00202,116.47623 40.001993,116.475533 40.001966,116.475495 40.001966,116.473446 40.001902,116.473333 40.001897,116.472432 40.001864,116.471558 40.001832,116.469696 40.001768,116.468044 40.00173)",110000,1001564,宏泰西街,由东向西,阜安西路,广顺北大街,872,44000
"LINESTRING (116.457953 40.000792,116.460239 40.000834,116.461279 40.000883,116.462792 40.00092,116.462937 40.000931,116.463157 40.000963,116.464139 40.001108,116.464621 40.001221,116.464874 40.00128,116.465126 40.001328,116.467561 40.001596)",110000,1632,湖光北街,由西向东,望京西路,宏泰西街西口,813,44000
"LINESTRING (116.46755 40.001682,116.466354 40.001505,116.465104 40.001376,116.464595 40.00128,116.464305 40.001221,116.464123 40.001183,116.462942 40.001033,116.462798 40.001017,116.461569 40.000969,116.46099 40.000947,116.460866 40.000942,116.460239 40.000915,116.457959 40.000872)",110000,1001632,湖光北街,由东向西,宏泰西街西口,望京西路,808,44000
"MULTILINESTRING ((116.445744 39.99561,116.446109 39.995685,116.446694 39.995787,116.449472 39.996269,116.450116 39.996382,116.452219 39.996752,116.452643 39.996822,116.453292 39.996908,116.453941 39.99694,116.454434 39.996945,116.455078 39.996951,116.455352 39.996961,116.457481 39.996994,116.457637 39.996994,116.457803 39.996999,116.458651 39.997015,116.458822 39.997015),(116.458822 39.997015,116.459348 39.997026,116.460464 39.997053,116.461279 39.997058,116.462674 39.997085,116.462798 39.997085,116.464241 39.997122,116.464369 39.997128,116.464455 39.997128,116.464986 39.997144,116.465362 39.997149,116.465984 39.99716,116.467786 39.997197))",110000,1634,湖光中街,由西向东,湖光桥,湖光中街东口,1865,45000
"MULTILINESTRING ((116.467776 39.997267,116.466998 39.997262,116.465973 39.997235,116.465362 39.997224,116.464981 39.997213,116.464241 39.997208,116.462792 39.997187,116.462674 39.997181,116.461285 39.997165,116.460464 39.99716,116.459348 39.997133),(116.459348 39.997133,116.459278 39.997133,116.457637 39.997106,116.457476 39.997106,116.457304 39.997101,116.455346 39.997047,116.455078 39.997047,116.453925 39.997036,116.453243 39.997026,116.453061 39.99701,116.452707 39.996961,116.452106 39.996859,116.449987 39.996479,116.449445 39.996382,116.446731 39.995899,116.446114 39.995787))",110000,1001634,湖光中街,由东向西,湖光中街东口,,1834,45000
"MULTILINESTRING ((116.465694 39.98826,116.466182 39.987944,116.46666 39.987633,116.466944 39.987456,116.467862 39.986844,116.468897 39.986163,116.469938 39.985482,116.470436 39.985154,116.471096 39.984714,116.471547 39.984414,116.472325 39.983915),(116.472334 39.983909,116.476654 39.981099,116.476863 39.980965,116.476976 39.98089,116.477051 39.980841,116.478022 39.980203))",110000,1654,花家地街,由西向东,阜通西大街,京密路口,948,44000
"LINESTRING (116.478091 39.980267,116.477239 39.980831,116.477051 39.980959,116.476922 39.98105,116.476724 39.981179,116.476209 39.981523,116.475425 39.982032,116.474535 39.982617,116.47373 39.983137,116.473446 39.983325,116.472657 39.983835,116.472411 39.98399,116.471719 39.984441,116.47012 39.985492,116.46975 39.985728,116.468977 39.986238,116.467341 39.987321,116.467019 39.987525,116.466537 39.987842,116.465786 39.988341)",110000,1001654,花家地街,由东向西,京密路,花家地街口,1347,44000
"LINESTRING (116.473301 40.005335,116.473269 40.006349,116.473215 40.007406,116.47321 40.007674,116.473156 40.008624,116.473145 40.00872,116.473097 40.009616,116.473054 40.010667,116.473017 40.011397,116.472985 40.011681,116.472958 40.012137,116.472952 40.012207,116.472926 40.012599,116.472909 40.013076,116.472888 40.013473,116.472856 40.014235)",110000,2130,利泽中二路,由南向北,河荫中路,屏翠西路,940,44000
"LINESTRING (116.472856 40.014235,116.472888 40.013473,116.472909 40.013076,116.472926 40.012599,116.472952 40.012207,116.472958 40.012137,116.472985 40.011681,116.472963 40.011397,116.47299 40.010667,116.473038 40.009621,116.473076 40.00872,116.473081 40.008624,116.473129 40.007669,116.473183 40.006344,116.473231 40.00533)",110000,1002130,利泽中二路,由北向南,屏翠西路,河荫中路,941,44000
"MULTILINESTRING ((116.455062 40.008173,116.455078 40.008157,116.455153 40.008082,116.455191 40.008023,116.455196 40.007985,116.455185 40.007948,116.455169 40.007932,116.455137 40.007899,116.455373 40.007937,116.455733 40.008001,116.4565 40.008211,116.456907 40.008221,116.457868 40.008232,116.458291 40.008232,116.458431 40.008232,116.459193 40.008264,116.459547 40.008286),(116.459547 40.008286,116.459976 40.008302,116.460373 40.008318,116.460518 40.008323,116.461505 40.008366,116.46283 40.008414,116.462878 40.008414,116.464047 40.008463,116.465265 40.008511,116.465437 40.008516,116.46637 40.008554,116.467239 40.008581))",110000,2134,利泽西街,由西向东,辛店路,利泽中街西口,1025,44000
"LINESTRING (116.46776 40.008591,116.468259 40.008597,116.468714 40.008613,116.470318 40.008624,116.470672 40.008624,116.470962 40.008618,116.473081 40.008624,116.473156 40.008624,116.473725 40.008629,116.475136 40.00865,116.475731 40.008645,116.476026 40.00864,116.477051 40.00864,116.478161 40.008634)",110000,2136,利泽中街,由西向东,广顺北大街,广泽路,877,44000
"LINESTRING (116.478156 40.008731,116.477051 40.008731,116.476026 40.008731,116.475141 40.008731,116.473145 40.00872,116.473076 40.00872,116.470957 40.008704,116.470318 40.008704,116.468972 40.008704,116.468854 40.008704,116.46776 40.008704)",110000,1002136,利泽中街,由东向西,广泽路,广顺北大街,868,44000
"LINESTRING (116.478483 40.008634,116.479701 40.00865,116.482539 40.008667,116.484105 40.008677,116.48447 40.008688,116.484684 40.008709,116.484861 40.008747,116.48535 40.008994,116.485838 40.009278,116.486353 40.009589,116.487388 40.010179,116.487603 40.010297)",110000,2224,利泽东街,由西向东,广泽路,利泽东街东口,817,44000
"LINESTRING (116.487549 40.010346,116.487345 40.010228,116.486315 40.009632,116.485784 40.009326,116.485054 40.008913,116.484786 40.008827,116.484604 40.008795,116.484325 40.008758,116.484116 40.008747,116.482539 40.008736,116.480801 40.008731,116.479674 40.008731,116.478483 40.008731)",110000,1002224,利泽东街,由东向西,利泽东街东口,广泽路口,810,44000
"LINESTRING (116.458023 40.00459,116.459434 40.005255,116.460201 40.005614,116.460346 40.005679,116.460743 40.005845,116.46114 40.005941,116.461397 40.005984,116.461569 40.006,116.462937 40.006027,116.462969 40.006027,116.462942 40.006789,116.462937 40.00688,116.462926 40.007127,116.462878 40.008414,116.46291 40.008522,116.462835 40.009686,116.462824 40.010088,116.462781 40.011418,116.462846 40.011617,116.462824 40.012207,116.462824 40.012282,116.462819 40.012577,116.462803 40.012856,116.462798 40.012963,116.462792 40.013017,116.462755 40.014278)",110000,2675,利泽西二路,由南向北,望京西路,屏翠西路,1335,45000
"LINESTRING (116.462443 40.014246,116.462443 40.014187,116.462476 40.01336,116.462486 40.012953,116.462492 40.012845,116.462492 40.012566,116.462508 40.012207,116.462529 40.011622,116.462647 40.011424,116.462685 40.010646,116.462733 40.009675,116.462798 40.008516,116.46283 40.008414,116.462889 40.007122,116.46291 40.006789,116.462937 40.006027,116.461569 40.006,116.461397 40.005984,116.46114 40.005941,116.460743 40.005845,116.460346 40.005679,116.460201 40.005614,116.459434 40.005255,116.458023 40.00459)",110000,1002675,利泽西二路,由北向南,屏翠西路,望京西路,1331,45000
"LINESTRING (116.471601 39.999799,116.472716 39.999048,116.473258 39.998683,116.473323 39.99864,116.473939 39.998233,116.474546 39.997836,116.475329 39.997321,116.475441 39.997256,116.47615 39.996779,116.476665 39.99643,116.477051 39.996173,116.477555 39.995846,116.477641 39.995787,116.480382 39.993979,116.480484 39.993914,116.481047 39.993539,116.481739 39.993088,116.482614 39.99252,116.482716 39.99245,116.483713 39.991801,116.484529 39.991259,116.484963 39.990975,116.485108 39.990873,116.485215 39.990808,116.48573 39.99047,116.486084 39.990234,116.486208 39.990154,116.486717 39.989811,116.487849 39.989076)",110000,3397,望京街,由西向东,宏昌路,京密路,1720,44000
"MULTILINESTRING ((116.487924 39.989145,116.486567 39.99002,116.486422 39.990122,116.486261 39.990234,116.4858 39.99054,116.485183 39.990942,116.485012 39.991055,116.484572 39.991345,116.483767 39.991865,116.48278 39.992509,116.482673 39.992573,116.48183 39.993137,116.481171 39.993571),(116.481171 39.993571,116.480559 39.993984,116.480463 39.994054,116.478628 39.995266,116.477721 39.995867,116.477636 39.995915,116.477051 39.996302,116.476675 39.996548,116.476182 39.996865,116.475511 39.997315,116.475404 39.99738,116.474626 39.997905,116.474031 39.998297,116.473392 39.998721,116.472008 39.999633,116.47167 39.999864))",110000,1003397,望京街,由东向西,京密路,宏昌路口,1760,44000
"LINESTRING (116.4582 40.008329,116.458222 40.008581,116.458248 40.009144,116.458286 40.009364,116.458334 40.00953,116.458431 40.009772,116.458527 40.009965,116.458774 40.010308,116.458941 40.01049,116.459139 40.010678,116.459343 40.010828,116.459611 40.011,116.459815 40.011113,116.460292 40.0113,116.460357 40.011322,116.460829 40.011435,116.461097 40.011467,116.46225 40.011494,116.462604 40.011499,116.462798 40.011499,116.463146 40.011499,116.463908 40.011504,116.465131 40.011488,116.465399 40.011488,116.465662 40.011483,116.466858 40.011467,116.467132 40.011467,116.46762 40.011472,116.467803 40.011467,116.468843 40.011483,116.468918 40.011483,116.47019 40.011472,116.471128 40.011472,116.471584 40.011472,116.472636 40.011456,116.472974 40.011456,116.473017 40.011461,116.473301 40.011456,116.474293 40.011456,116.474535 40.011456,116.474921 40.011456,116.47557 40.011451,116.477051 40.011456,116.477845 40.011445,116.478038 40.01144,116.478328 40.011435,116.478606 40.01144,116.479599 40.011376,116.479856 40.011349,116.480243 40.011284,116.480699 40.011182,116.48146 40.010941,116.482115 40.010689,116.482469 40.010512)",110000,3398,望京北路,由西向东,望湖公园南门,利泽东二路,2218,45000
"LINESTRING (116.482469 40.010673,116.482179 40.010818,116.481348 40.011145,116.480725 40.011327,116.48021 40.011429,116.479636 40.011526,116.479315 40.011563,116.478617 40.011595,116.478322 40.011595,116.478032 40.011595,116.477855 40.01159,116.477051 40.011585,116.476842 40.011585,116.475576 40.011585,116.474926 40.011595,116.473301 40.011601,116.473001 40.011595,116.472979 40.011595,116.472636 40.01159,116.471885 40.01159,116.471348 40.011595,116.47019 40.011595,116.469283 40.011612,116.468709 40.011617,116.467797 40.011612,116.467615 40.011606,116.467127 40.011606,116.466853 40.011606,116.466756 40.011606,116.465576 40.011612,116.465539 40.011612,116.463919 40.011622,116.463141 40.011622,116.462846 40.011617,116.462529 40.011622,116.46225 40.011628,116.461435 40.011617,116.461086 40.011595,116.460786 40.011553,116.460319 40.01144,116.460276 40.011424,116.459879 40.011268,116.459659 40.011161,116.459037 40.010775,116.458844 40.010608,116.458667 40.010426,116.458511 40.010238,116.458383 40.010034,116.458248 40.009782,116.458184 40.009632,116.458104 40.009353,116.458045 40.009149,116.45798 40.008575,116.457975 40.008329)",110000,1003398,望京北路,由东向西,利泽东二路,望京西路北口,2224,45000
"MULTILINESTRING ((116.454375 39.959432,116.454611 39.959625,116.454805 39.959743,116.455078 39.959872,116.455566 39.960108,116.456205 39.960462,116.45673 39.960827,116.457422 39.961401,116.458066 39.961964,116.460115 39.963825,116.460872 39.964517,116.462867 39.966331,116.462905 39.966368,116.465024 39.968262,116.465056 39.968289,116.465324 39.968525,116.466939 39.969946,116.467518 39.970493,116.46799 39.970928,116.468387 39.971293,116.469208 39.972038,116.469659 39.972446,116.470769 39.973449,116.471429 39.97405,116.472523 39.975048,116.472845 39.975337,116.473365 39.975815),(116.473365 39.975815,116.473972 39.976362,116.475146 39.977392,116.476128 39.978277,116.47682 39.978915,116.476943 39.979023,116.477051 39.979119,116.477201 39.979248,116.477378 39.979404,116.477807 39.979758,116.478209 39.980139,116.478687 39.980578,116.479529 39.981324,116.481053 39.982735,116.481643 39.983266,116.482753 39.984269,116.482834 39.98436,116.4847 39.986045,116.485242 39.986549,116.485747 39.986989,116.486079 39.987295,116.486846 39.987944,116.486964 39.988067,116.487983 39.988979,116.488064 39.989054,116.488316 39.989263,116.4894 39.990234,116.489641 39.990449,116.490929 39.991645,116.491572 39.992225,116.493219 39.993737,116.493262 39.99377,116.494598 39.99518,116.495327 39.995969,116.495435 39.996076),(116.49596 39.996639,116.497806 39.99864,116.498482 39.999284,116.499023 39.999772,116.500627 40.001221,116.500638 40.001231,116.503143 40.003495,116.504028 40.004268,116.505949 40.005893,116.506019 40.005952,116.506936 40.006687,116.507703 40.007325,116.508341 40.007862,116.5095 40.008876,116.512268 40.011354,116.51325 40.012212,116.514328 40.013173,116.515262 40.014026,116.515986 40.014739,116.516549 40.015388,116.516946 40.015908,116.51958 40.019792,116.520465 40.021101,116.520604 40.02131,116.520835 40.02167,116.520996 40.021917,116.521833 40.023193,116.522182 40.02373),(116.522182 40.02373,116.522273 40.023864,116.522332 40.02395,116.522552 40.024261,116.52282 40.024679,116.522884 40.02477,116.523646 40.025859,116.524161 40.026627,116.525711 40.028917,116.52577 40.029008,116.52657 40.030183,116.526688 40.030349,116.527122 40.030988,116.527686 40.031825,116.528265 40.032683,116.52908 40.033901,116.529263 40.03418,116.529719 40.034872,116.529756 40.034925,116.530121 40.035462,116.530352 40.035832,116.530491 40.036057,116.530631 40.036266,116.531124 40.037034,116.531661 40.03794,116.531875 40.038348,116.532358 40.039389,116.533018 40.040687))",110000,6304,京密路,由南向北,三元桥,京平高速入口,11171,42000
"MULTILINESTRING ((116.532884 40.040703,116.532728 40.040359,116.532256 40.039405,116.532025 40.038933,116.531821 40.038514,116.531355 40.03765,116.53062 40.03639,116.530282 40.035869,116.529654 40.034893,116.529134 40.03418,116.528968 40.033954,116.528748 40.033627,116.527804 40.032232,116.527578 40.031894,116.52701 40.031052,116.526875 40.030859,116.525604 40.028987,116.525089 40.028231,116.523351 40.02564,116.522772 40.02477,116.522713 40.024674,116.522171 40.023923,116.52208 40.0238,116.521688 40.023193,116.521624 40.023102,116.521484 40.022893,116.521103 40.022335,116.520996 40.022179,116.520723 40.021777),(116.520723 40.021777,116.520599 40.021584,116.520481 40.021391,116.519945 40.020618,116.519403 40.019851,116.519172 40.019497,116.518169 40.018001,116.517375 40.016772,116.516865 40.016021,116.516308 40.015281,116.515932 40.014846,116.515186 40.014106,116.513175 40.01232,116.513046 40.012207,116.512188 40.011451,116.510401 40.009857,116.509404 40.008962,116.50818 40.007889,116.507692 40.007476,116.50685 40.006757,116.506019 40.006049,116.505933 40.005979,116.505053 40.005244,116.504474 40.004761,116.503932 40.0043,116.503218 40.003699,116.502961 40.003479,116.500461 40.001231,116.50045 40.001221,116.499023 39.999944,116.498954 39.99988,116.497993 39.998989,116.497419 39.998426,116.495832 39.99672),(116.495365 39.996232,116.495252 39.996103,116.494855 39.995658,116.494469 39.995245,116.49345 39.994134,116.493176 39.993871,116.493139 39.993834,116.491529 39.992412,116.490655 39.991624,116.489443 39.990529,116.489394 39.990497,116.489115 39.990234,116.488928 39.990057,116.487924 39.989145,116.487849 39.989076,116.487764 39.98899,116.487442 39.9887,116.486916 39.988223,116.485623 39.987059,116.485156 39.98664,116.483719 39.985342,116.483279 39.984967,116.482726 39.984468,116.482587 39.984334,116.482174 39.983969,116.48123 39.983084,116.479653 39.981667,116.478665 39.980793,116.478091 39.980267,116.478022 39.980203,116.477984 39.980165,116.477206 39.979436,116.477051 39.979291,116.477003 39.979248,116.47689 39.979146),(116.476665 39.978948,116.476048 39.978384,116.475034 39.977478,116.473875 39.976426,116.47328 39.97589,116.472765 39.975429,116.472384 39.975112,116.471847 39.974629,116.471316 39.974146,116.46961 39.972596,116.46924 39.972258,116.46828 39.9714,116.467867 39.971024,116.466987 39.970225,116.46652 39.969801,116.466048 39.969383,116.465576 39.968964),(116.465576 39.968964,116.465464 39.968863,116.465356 39.968755,116.464949 39.968369,116.464831 39.968262,116.462814 39.966432,116.462749 39.966379,116.460797 39.964598,116.460115 39.963981,116.460019 39.963895,116.459407 39.963343,116.458082 39.962136,116.457916 39.961985,116.457337 39.961454,116.456655 39.96088,116.456044 39.960473,116.455497 39.960188,116.455078 39.959995,116.454762 39.95984,116.454585 39.959743,116.454434 39.959641,116.454225 39.95948))",110000,1006304,京密路,由北向南,黄港大桥,三元桥,11111,42000
"LINESTRING (116.465673 39.98841,116.464439 39.98922,116.464385 39.989247,116.463307 39.989972,116.463168 39.9901,116.463109 39.990234,116.463093 39.990272,116.463071 39.990556,116.463055 39.990867,116.46305 39.991146,116.463039 39.991516,116.462975 39.992836,116.462948 39.993421,116.46291 39.994285,116.46291 39.994408,116.46291 39.994472,116.462889 39.995052,116.462878 39.9954,116.462873 39.995679,116.462862 39.995953,116.462798 39.997085)",110000,7395,南湖南路,由南向北,阜通西大街,南湖南路北口,1048,44000
"LINESTRING (116.462674 39.997085,116.46269 39.996511,116.462706 39.995905,116.462722 39.995545,116.462776 39.994478,116.462781 39.994403,116.462819 39.993399,116.462846 39.992777,116.462851 39.992681,116.462851 39.992605,116.462905 39.991629,116.46291 39.991511,116.462932 39.990556,116.462948 39.990315,116.462964 39.990234,116.462991 39.990165,116.463039 39.990084,116.463076 39.990036,116.463275 39.98987,116.464326 39.989167,116.465587 39.98833)",110000,1007395,南湖南路,由北向南,湖光中街,阜通西大街,1059,44000
"LINESTRING (116.462792 39.997187,116.462857 39.999177,116.462867 39.999424,116.462878 39.999724,116.462894 40.000062,116.462937 40.000931,116.462942 40.001033,116.462953 40.001221,116.462958 40.001285,116.462969 40.001623,116.46298 40.001897,116.462991 40.002299,116.462996 40.002471,116.463028 40.003345,116.463044 40.004058,116.463066 40.004885)",110000,7398,南湖北路,由南向北,湖光中街,南湖北路北口,840,44000
"LINESTRING (116.462916 40.004879,116.462905 40.004123,116.462873 40.003356,116.462846 40.002551,116.462803 40.001285,116.462803 40.001221,116.462798 40.001017,116.462792 40.00092,116.462771 40.000277,116.462728 39.999204,116.462674 39.997181)",110000,1007398,南湖北路,由北向南,河荫西路,湖光中街,841,44000
"LINESTRING (116.467915 40.004949,116.468382 40.00497,116.46982 40.005051,116.473237 40.00526,116.473306 40.005265,116.474084 40.005303,116.474519 40.005298,116.475855 40.005164,116.477051 40.00504,116.477898 40.004954,116.478295 40.004911,116.478649 40.004874,116.480591 40.004675,116.4827 40.004423,116.483837 40.004316,116.484084 40.004273,116.484346 40.004219,116.484792 40.004069,116.485012 40.003978,116.485339 40.003812,116.485698 40.003603,116.486396 40.00313,116.48735 40.002497,116.487506 40.002449,116.488434 40.001934,116.489523 40.001344,116.489673 40.001248,116.489711 40.001221,116.489925 40.001049,116.490119 40.000872,116.490322 40.000647,116.490553 40.000368,116.490666 40.000191,116.490816 39.999906,116.490918 39.999649,116.490998 39.999386,116.491047 39.999155,116.491063 39.999091,116.491154 39.998485,116.491191 39.998319,116.491385 39.997712,116.49154 39.997294)",110000,8508,河荫中路,由西向东,河荫中路西口,远安南一路,2385,44000
"LINESTRING (116.49154 39.997294,116.491385 39.997712,116.491191 39.998319,116.491154 39.998485,116.491063 39.999091,116.491047 39.999155,116.490998 39.999386,116.490918 39.999649,116.490816 39.999906,116.490666 40.000191,116.490553 40.000368,116.490322 40.000647,116.490119 40.000872,116.489925 40.001049,116.489711 40.001221,116.489673 40.001248,116.489523 40.001344,116.488434 40.001934,116.487506 40.002449,116.487415 40.002551,116.485489 40.003812,116.485242 40.003951,116.48484 40.004134,116.484572 40.00423,116.484309 40.0043,116.484008 40.004364,116.483649 40.004407,116.482689 40.004498,116.478644 40.004938,116.47829 40.004976,116.477104 40.005094,116.477051 40.005099,116.475855 40.005228,116.474513 40.005362,116.474133 40.005367,116.473301 40.005335,116.473231 40.00533,116.471102 40.005212,116.469809 40.005137,116.46791 40.005029)",110000,1008508,河荫中路,由东向西,远安南一路,广顺北大街,2393,44000
"LINESTRING (116.47328 39.97589,116.473076 39.976008,116.472684 39.976271,116.472464 39.97641,116.472121 39.976646,116.471499 39.977059,116.470903 39.977451,116.470495 39.977714,116.470195 39.977902,116.470007 39.97803,116.468167 39.979248,116.46776 39.979516,116.467615 39.979607,116.466832 39.980122,116.466708 39.980224,116.466563 39.980401,116.466537 39.98045,116.466472 39.980573,116.466424 39.980718,116.466408 39.980836,116.466429 39.981179,116.466429 39.981238,116.466435 39.981608,116.466515 39.982987,116.466585 39.983341,116.466612 39.98347,116.466783 39.98399,116.466815 39.984038,116.466821 39.984076,116.466821 39.984194,116.466773 39.984264,116.466692 39.984323,116.466585 39.98436,116.466461 39.98435,116.466376 39.984312,116.466075 39.984398,116.465592 39.984704,116.465115 39.985009,116.465051 39.985052,116.464959 39.985111,116.464638 39.985321,116.464418 39.98546,116.463532 39.985975,116.463205 39.986152)",110000,8514,花家地南街,由南向北,京密路,阜通西大街,1529,45000
"LINESTRING (116.463205 39.986152,116.463532 39.985975,116.464418 39.98546,116.464638 39.985321,116.464959 39.985111,116.465051 39.985052,116.465115 39.985009,116.465592 39.984704,116.466075 39.984398,116.466274 39.984092,116.466306 39.984028,116.466445 39.98377,116.466585 39.983341,116.466515 39.982987,116.466435 39.981608,116.466429 39.981238,116.466429 39.981179,116.466408 39.980836,116.466424 39.980718,116.466472 39.980573,116.466537 39.98045,116.466563 39.980401,116.466708 39.980224,116.466832 39.980122,116.467615 39.979607,116.46776 39.979516,116.468167 39.979248,116.470007 39.97803,116.470195 39.977902,116.470495 39.977714,116.470903 39.977451,116.471499 39.977059,116.472121 39.976646,116.472464 39.97641,116.472684 39.976271,116.473076 39.976008,116.47328 39.97589)",110000,1008514,花家地南街,由北向南,阜通西大街,京密路,1484,45000
"LINESTRING (116.466821 39.984076,116.466992 39.984355,116.467186 39.984591,116.467293 39.984677,116.46755 39.984913,116.467803 39.985149,116.467931 39.985267,116.468049 39.985369,116.468301 39.9856,116.468827 39.986093,116.469036 39.986292,116.469492 39.986688,116.469664 39.986833,116.469728 39.986898,116.470045 39.987171,116.470174 39.987289,116.470447 39.987541,116.470892 39.987906,116.471059 39.988056,116.471386 39.988362,116.47203 39.988931,116.472116 39.989006,116.4724 39.989263,116.472786 39.989617,116.473129 39.989929,116.473446 39.990234,116.473526 39.990315)",110000,8518,望花路,由南向北,花家地南街,望花路北口,862,45000
"LINESTRING (116.473526 39.990315,116.473446 39.990234,116.473129 39.989929,116.472786 39.989617,116.4724 39.989263,116.472116 39.989006,116.47203 39.988931,116.471386 39.988362,116.471059 39.988056,116.470892 39.987906,116.470447 39.987541,116.470174 39.987289,116.470045 39.987171,116.469728 39.986898,116.469664 39.986833,116.469492 39.986688,116.469036 39.986292,116.468827 39.986093,116.468301 39.9856,116.468049 39.985369,116.467931 39.985267,116.467803 39.985149,116.46755 39.984913,116.467293 39.984677,116.467186 39.984591,116.466939 39.984473,116.466585 39.98436,116.466461 39.98435,116.466376 39.984312,116.466317 39.984264,116.466284 39.984221,116.466268 39.984173,116.466274 39.984092,116.466306 39.984028,116.466413 39.983942,116.466526 39.983915,116.466665 39.983926,116.466783 39.98399,116.466815 39.984038)",110000,1008518,望花路,由北向南,广顺南大街,,960,45000
"LINESTRING (116.45717 39.988824,116.4582 39.988952,116.460346 39.989247,116.461725 39.989446,116.461918 39.989494,116.462122 39.98958,116.463076 39.990036)",110000,8792,南湖中园二条,由西向东,南湖中园二条西口,南湖南路口,526,45000
"LINESTRING (116.463039 39.990084,116.462106 39.989623,116.46195 39.989553,116.461778 39.989505,116.461499 39.989457,116.460346 39.98929,116.458973 39.989102,116.458195 39.988995,116.457186 39.988883)",110000,1008792,南湖中园二条,由东向西,南湖南路口,南湖中园二条西口,523,45000
"MULTILINESTRING ((116.481493 39.985401,116.482152 39.986002,116.483547 39.987262,116.483601 39.987316,116.485827 39.989339,116.486251 39.989714,116.48632 39.989741,116.486455 39.989768,116.486717 39.989811),(116.489244 39.99253,116.489963 39.993222,116.49014 39.99341,116.490328 39.993694,116.490596 39.993973,116.491706 39.994993),(116.492039 39.994912,116.492919 39.995787,116.493241 39.996291,116.493391 39.996586,116.493498 39.996838,116.493584 39.997079,116.493654 39.997332,116.493707 39.997621,116.493734 39.997922,116.493729 39.998415,116.493702 39.998651,116.4936 39.999107,116.493546 39.999322,116.493471 39.999531,116.493305 39.999842,116.493294 39.999858,116.493176 40.000094,116.493015 40.000336,116.492838 40.000566,116.492522 40.00092,116.492227 40.001221,116.4922 40.001242,116.491422 40.002025,116.489367 40.004155,116.489266 40.004246,116.487973 40.005555,116.487447 40.006092,116.487055 40.006494,116.485671 40.007921,116.485012 40.008591,116.484861 40.008747,116.484786 40.008827,116.484454 40.009176,116.484046 40.009578,116.483676 40.009911,116.48307 40.010329,116.482469 40.010673))",110000,8905,望京东路,由南向北,广顺南大街,利泽东二路,3388,45000
"MULTILINESTRING ((116.482469 40.010512,116.482968 40.010217,116.483456 40.009879,116.483713 40.00967,116.48403 40.00938,116.48433 40.009074,116.484604 40.008795,116.484684 40.008709,116.484894 40.008489,116.485446 40.007948,116.48551 40.007889,116.486766 40.00659,116.486975 40.006381,116.487844 40.00548,116.489142 40.004139,116.489244 40.004042,116.489936 40.003329,116.490317 40.00297,116.491991 40.001242,116.492012 40.001221,116.492334 40.000872,116.492608 40.000572,116.492811 40.000303,116.493117 39.999831,116.493155 39.999767,116.493316 39.999418,116.493412 39.999155,116.493482 39.998887,116.49352 39.998673,116.493541 39.99812,116.493482 39.99738,116.49345 39.99723,116.493332 39.99687,116.493203 39.996597,116.493015 39.996243,116.492758 39.995867,116.491921 39.994982),(116.486208 39.990154,116.48617 39.989966,116.486154 39.989886,116.486101 39.989784,116.485714 39.989435,116.483467 39.987402))",110000,1008905,望京东路,由北向南,利泽东二路,阜荣街东口,2417,45000
"LINESTRING (116.478564 40.006006,116.479475 40.005915,116.482635 40.005598,116.483944 40.005437,116.485087 40.00533,116.486192 40.005201,116.486696 40.005164,116.486884 40.005164,116.487098 40.005196,116.487329 40.005255,116.487463 40.005298,116.487844 40.00548,116.489142 40.004139,116.489367 40.004155,116.489636 40.004402,116.489797 40.004563,116.489925 40.004729,116.490124 40.005056,116.490199 40.005314,116.490226 40.005496,116.490237 40.005732,116.490215 40.006204,116.490258 40.006537,116.490296 40.006671,116.490344 40.006773,116.490408 40.006869,116.490687 40.007148,116.491647 40.007663,116.492441 40.008125,116.492516 40.0082)",110000,9236,溪阳东路,由西向东,广泽路,东湖渠,1546,45000
"LINESTRING (116.492516 40.0082,116.492414 40.008173,116.4911 40.007427,116.490623 40.007202,116.490489 40.007132,116.490237 40.006902,116.490102 40.006719,116.490076 40.006639,116.490049 40.006204,116.48984 40.006194,116.489727 40.006172,116.488745 40.005845,116.487973 40.005555,116.487844 40.00548,116.487463 40.005298,116.487329 40.005255,116.487098 40.005196,116.486884 40.005164,116.486696 40.005164,116.486192 40.005201,116.485087 40.00533,116.483944 40.005437,116.482635 40.005598,116.479475 40.005915,116.478564 40.006006)",110000,1009236,溪阳东路,由东向西,东湖渠,广泽路,1320,45000
"LINESTRING (116.478832 40.002004,116.479679 40.002009,116.480463 40.001966,116.481149 40.001891,116.481943 40.001736,116.482603 40.001537,116.483343 40.001253,116.483413 40.001221,116.483955 40.000974,116.484733 40.000507,116.484963 40.000346,116.485092 40.000266,116.485628 39.999944,116.486374 39.999413,116.486675 39.999166,116.487372 39.998496,116.487527 39.998313,116.487742 39.998007,116.487796 39.997927,116.488107 39.997407,116.488214 39.997192,116.4883 39.996967,116.488498 39.99642,116.488595 39.996082,116.488643 39.995797,116.488654 39.995706,116.488987 39.993598,116.48903 39.993212,116.489105 39.992525)",110000,10288,宏泰东街,由北向南,阜安西路,望京东路,1510,44000
"LINESTRING (116.489244 39.99253,116.489185 39.993147,116.489115 39.993614,116.488772 39.995754,116.488718 39.996049,116.488622 39.99643,116.488439 39.996935,116.488316 39.99723,116.488193 39.997471,116.487892 39.997965,116.487839 39.99805,116.487603 39.998378,116.48742 39.998592,116.487243 39.998769,116.486546 39.999375,116.485924 39.999842,116.485178 40.000336,116.485044 40.000421,116.484615 40.000706,116.484228 40.000936,116.483654 40.001221,116.483579 40.001253,116.48271 40.001596,116.482013 40.001811,116.481428 40.001929,116.480468 40.002063,116.479889 40.0021,116.478826 40.002095)",110000,1010288,宏泰东街,由南向北,望京东路,阜安西路,1535,44000
"LINESTRING (116.475543 39.989462,116.475672 39.98958,116.476402 39.990234,116.477051 39.990819,116.477517 39.991232,116.477652 39.991361,116.479647 39.993163,116.480484 39.993914,116.480597 39.994016,116.481428 39.994762,116.481718 39.994982,116.482008 39.9951,116.482158 39.995137,116.482796 39.995196,116.483756 39.995272,116.483944 39.995293,116.48624 39.995492,116.488654 39.995706)",110000,10295,阜安东路,由西向东,广顺南大街,宏泰东街,1355,44000
"LINESTRING (116.488643 39.995797,116.487994 39.995744,116.487699 39.995717,116.486245 39.995583,116.486213 39.995577,116.485596 39.995518,116.483928 39.995395,116.483735 39.995373,116.482512 39.995277,116.482238 39.995245,116.482045 39.995202,116.481723 39.995095,116.481605 39.99503,116.481353 39.994837,116.480495 39.994081,116.480382 39.993979,116.479556 39.993206,116.478392 39.992166,116.477555 39.99142,116.477421 39.991291,116.477051 39.990964,116.47637 39.990358,116.476235 39.990234,116.475576 39.989639,116.475452 39.989526)",110000,1010295,阜安东路,由东向西,宏泰东街,广顺南大街,1359,44000
"LINESTRING (116.486626 39.990068,116.486819 39.990234,116.489223 39.992402)",110000,10371,无名道路1,由南向北,望京街,宏泰东街,340,44000
"LINESTRING (116.489105 39.992525,116.486546 39.990234,116.486476 39.99017)",110000,1010371,无名道路1,由北向南,宏泰东街,望京街,344,44000
"LINESTRING (116.4551 39.989247,116.455078 39.989263,116.454708 39.989532,116.454542 39.989687,116.454397 39.989832,116.454177 39.990127,116.454118 39.990234,116.454075 39.990331,116.453952 39.99068,116.453946 39.990706,116.45378 39.991575,116.453351 39.993593,116.453163 39.994467,116.453152 39.99451,116.453072 39.995121,116.453099 39.995829,116.453106 39.996122,116.453146 39.996766,116.453196 39.996826,116.453292 39.996908)",110000,13016,南湖西园南路,由南向北,,南湖西园南路口,795,45000
"LINESTRING (116.452916 39.996795,116.453029 39.996768,116.453056 39.996693,116.453013 39.996167,116.452986 39.99525,116.452997 39.995057,116.453061 39.994644,116.453083 39.994499,116.453093 39.994462,116.453308 39.993587,116.453592 39.992235,116.453909 39.99069,116.454005 39.99039,116.454075 39.990234,116.454161 39.990084,116.454273 39.989923,116.454504 39.989666,116.454681 39.98951,116.455078 39.989226)",110000,1013016,南湖西园南路,由北向南,南湖西园南路北口,,879,45000
"LINESTRING (116.453952 39.99068,116.455078 39.990824,116.45532 39.990857,116.455389 39.990867,116.456054 39.990948,116.457186 39.991087)",110000,13019,南湖渠三巷,由西向东,南湖西园南路,望京西路,279,45000
"LINESTRING (116.457186 39.991114,116.456054 39.99098,116.455314 39.990894,116.455078 39.990862,116.454853 39.990835,116.453946 39.990706)",110000,1013019,南湖渠三巷,由东向西,望京西路,南湖西园南路,277,45000
"LINESTRING (116.467878 40.006054,116.469439 40.00614,116.469739 40.006156,116.469889 40.006161,116.471885 40.006274,116.473183 40.006344,116.473269 40.006349,116.474224 40.006408,116.474508 40.006413,116.475055 40.006376,116.477051 40.006156,116.478252 40.006027)",110000,13022,溪阳中路,由西向东,广顺北大街,溪阳中路东口,879,45000
"LINESTRING (116.478252 40.006027,116.477051 40.006156,116.475055 40.006376,116.474508 40.006413,116.474224 40.006408,116.473269 40.006349,116.473183 40.006344,116.471885 40.006274,116.469889 40.006161,116.469739 40.006156,116.469439 40.00614,116.467878 40.006054)",110000,1013022,溪阳中路,由东向西,溪阳中路东口,广顺北大街,879,45000
"MULTILINESTRING ((116.482635 40.005598,116.482608 40.006531,116.482581 40.006939,116.482581 40.007282,116.482576 40.007309,116.482539 40.008667,116.482539 40.008736,116.482517 40.009267),(116.482517 40.009267,116.482485 40.010029,116.482469 40.010512,116.482469 40.010673,116.482807 40.011204,116.483274 40.011901,116.483467 40.012175,116.483488 40.012207,116.483874 40.012851))",110000,13026,利泽东二路,由南向北,溪阳东路,屏翠东路,798,45000
"LINESTRING (116.483874 40.012851,116.483488 40.012207,116.483467 40.012175,116.483274 40.011901,116.482807 40.011204,116.482469 40.010673,116.482469 40.010512,116.482485 40.010029,116.482517 40.009267,116.482539 40.008736,116.482539 40.008667,116.482576 40.007309,116.482581 40.007282,116.482581 40.006939,116.482608 40.006531,116.482635 40.005598)",110000,1013026,利泽东二路,由北向南,屏翠东路,溪阳东路,798,45000
"LINESTRING (116.476209 39.981523,116.477051 39.982263,116.47734 39.982515,116.477571 39.982719,116.47777 39.982874,116.478467 39.983228,116.479411 39.98369,116.47954 39.983776,116.479787 39.983985,116.479953 39.984146,116.480039 39.984167,116.480618 39.984661,116.481187 39.985149)",110000,14301,花家地东路,由西向东,花家地街,花家地东路北口,581,45000
"LINESTRING (116.481085 39.985213,116.480548 39.98473,116.479974 39.984215,116.479953 39.984146,116.479787 39.983985,116.47954 39.983776,116.479411 39.98369,116.478467 39.983228,116.47777 39.982874,116.477571 39.982719,116.47734 39.982515,116.477051 39.982263,116.476209 39.981523)",110000,1014301,花家地东路,由东向西,花家地东路北口,花家地街,580,45000
"LINESTRING (116.474202 39.985224,116.474969 39.984725,116.47579 39.984189,116.476429 39.98377,116.476536 39.983701,116.476654 39.98362,116.476793 39.983534,116.476868 39.983486,116.477051 39.983357,116.477131 39.983304,116.47777 39.982874)",110000,14304,爽秋路,由西向东,爽秋路西口,花家地东路,398,45000
"LINESTRING (116.47777 39.982874,116.477131 39.983304,116.477051 39.983357,116.476868 39.983486,116.476793 39.983534,116.476654 39.98362,116.476536 39.983701,116.476429 39.98377,116.47579 39.984189,116.474969 39.984725,116.474202 39.985224)",110000,1014304,爽秋路,由东向西,花家地东路,爽秋路西口,398,45000
"MULTILINESTRING ((116.470318 40.008704,116.470297 40.009278,116.470259 40.010233,116.470222 40.010855,116.47019 40.011472,116.470184 40.011665,116.470147 40.012169),(116.470147 40.012169,116.470147 40.012207,116.470131 40.012422,116.470115 40.012813,116.470093 40.013189,116.470098 40.01328,116.470125 40.014235))",110000,14307,利泽中一路,由南向北,利泽中一路南口,屏翠西路,588,45000
"MULTILINESTRING ((116.470125 40.014235,116.470098 40.01328,116.470093 40.013189,116.470115 40.012813,116.470131 40.012422,116.470147 40.012207,116.470147 40.012169),(116.470147 40.012169,116.470184 40.011665,116.47019 40.011472,116.470222 40.010855,116.470259 40.010233,116.470297 40.009278,116.470318 40.008704))",110000,1014307,利泽中一路,由北向南,屏翠西路,利泽中一路南口,588,45000
"LINESTRING (116.462159 39.979484,116.462283 39.979248,116.462454 39.97891,116.462561 39.978637,116.462561 39.978572,116.462497 39.97847,116.462481 39.978063,116.462486 39.977998,116.462465 39.977832,116.462417 39.97773,116.462159 39.977435,116.462079 39.977403,116.461489 39.976882)",110000,1015837,宜居西路,由北向南,,北四环东路辅路,323,45000
"LINESTRING (116.445851 39.991522,116.446339 39.991506,116.447965 39.991452,116.448512 39.991447,116.449344 39.991436,116.449435 39.99142,116.449537 39.991388,116.449644 39.991334,116.450229 39.990953,116.450352 39.990862,116.451001 39.990444,116.451334 39.990234,116.452203 39.989682,116.452299 39.989596,116.453281 39.988958,116.454912 39.987917,116.455078 39.987804,116.456752 39.986726,116.456832 39.986688,116.456945 39.986688)",110000,15843,无名道路57,由西向东,大广高速辅路,望京西路,1132,45000
"LINESTRING (116.456945 39.986742,116.4568 39.986753,116.456655 39.986807,116.455078 39.987847,116.454928 39.987944,116.454429 39.988266,116.453319 39.98899,116.452884 39.989269,116.452326 39.989623,116.452203 39.989682,116.451334 39.990234,116.451001 39.990444,116.450352 39.990862,116.450229 39.990953,116.449644 39.991334,116.449537 39.991388,116.449435 39.99142,116.449344 39.991436,116.448512 39.991447,116.447965 39.991452,116.446339 39.991506,116.445851 39.991522)",110000,1015843,无名道路57,由东向西,望京西路,S11京承高速辅路,1128,45000
"MULTILINESTRING ((116.483638 39.994043,116.483429 39.993855,116.48308 39.993217,116.482737 39.992766),(116.482399 39.992461,116.481889 39.992015,116.481208 39.991313,116.481053 39.991114),(116.479567 39.989773,116.47932 39.989634,116.478569 39.989054,116.477496 39.988067,116.477292 39.987906,116.477051 39.987713,116.47682 39.987525,116.476069 39.986967,116.475967 39.986887,116.47535 39.986442,116.474803 39.986055,116.474776 39.986039,116.474213 39.98561,116.473993 39.985422,116.473945 39.98538,116.472325 39.983915,116.470774 39.982483,116.470206 39.981973,116.469128 39.980991,116.467937 39.979903,116.467615 39.979607,116.467223 39.979248,116.466703 39.978781,116.466542 39.978647,116.466333 39.978465,116.465952 39.978138,116.465743 39.977987,116.465576 39.977869,116.465421 39.977757,116.465077 39.977456,116.463833 39.976324,116.463575 39.976099,116.463473 39.976035,116.463372 39.975997,116.46328 39.975976,116.462975 39.97597))",110000,16786,阜通东大街辅路,由北向南,,北四环东路辅路,2284,45000
"MULTILINESTRING ((116.484572 39.991345,116.484507 39.99149,116.484448 39.991527,116.484416 39.991554,116.483944 39.991871,116.483547 39.992133,116.483005 39.99245,116.483016 39.992563),(116.483016 39.992563,116.482984 39.992638,116.482925 39.992697,116.482828 39.992745,116.482737 39.992766,116.482571 39.992745,116.482013 39.99311,116.481611 39.993378,116.481407 39.993496,116.480597 39.994016),(116.476675 39.996548,116.476541 39.996709,116.476364 39.996876,116.476251 39.996945,116.475763 39.997267,116.475763 39.997358,116.475613 39.997498,116.475447 39.997573,116.475372 39.997578,116.475281 39.997557,116.474728 39.997938,116.474208 39.998227,116.474031 39.998297))",110000,16788,望京街辅路,由东向西,,,761,45000
"MULTILINESTRING ((116.474041 39.99599,116.474283 39.996103,116.474653 39.996387,116.474926 39.996623,116.475399 39.997053),(116.475763 39.997358,116.47601 39.997541,116.476219 39.997669,116.476825 39.997991,116.477051 39.998158,116.477196 39.99827))",110000,16789,阜通西大街辅路,由西向东,,,322,45000
"MULTILINESTRING ((116.47718 39.998388,116.477051 39.998367,116.476665 39.998292,116.47631 39.998136,116.476144 39.998056,116.475935 39.997927,116.475447 39.997573),(116.475098 39.997272,116.474181 39.996441,116.473929 39.996071))",110000,16790,阜通西大街辅路,由东向西,,,342,45000
"LINESTRING (116.485178 40.000336,116.485333 40.00048,116.486138 40.001221,116.486176 40.001253,116.486396 40.001446,116.487506 40.002449,116.487731 40.002669,116.489244 40.004042)",110000,16915,启阳路,由南向北,阜安路东口,望京东路,534,44000
"LINESTRING (116.490049 40.006204,116.490059 40.00562,116.490043 40.005432,116.489958 40.005083,116.489882 40.004928,116.489679 40.004643,116.489512 40.004472,116.489266 40.004246,116.489142 40.004139,116.487608 40.002728,116.487415 40.002551,116.48735 40.002497,116.48697 40.002149,116.486186 40.001435,116.485972 40.001253,116.485934 40.001221,116.485044 40.000421)",110000,16916,启阳路,由北向南,溪阳东路,阜安路东口,765,44000
"MULTILINESTRING ((116.467615 40.011606,116.467583 40.012207,116.467577 40.012352,116.46755 40.013076,116.467497 40.014235),(116.467491 40.014315,116.467475 40.014879,116.467416 40.015855,116.467411 40.015951,116.467357 40.017357,116.46732 40.018296,116.467271 40.019261,116.467266 40.019411,116.467218 40.020339,116.467094 40.020522))",110000,20709,广顺北大街辅路,由南向北,广顺南大街口,广顺北大街北口,923,45000
"MULTILINESTRING ((116.460233 40.01151,116.459756 40.011901,116.459375 40.012207,116.459069 40.012454,116.459021 40.012497,116.458533 40.01291,116.458189 40.013205,116.458302 40.013328,116.458597 40.013559,116.45886 40.013725,116.459107 40.013854,116.459413 40.013983,116.459675 40.014074,116.459987 40.014154,116.460239 40.014197,116.460652 40.014246,116.460909 40.014256,116.462443 40.014246,116.462755 40.014278,116.464922 40.014262,116.467014 40.014262),(116.470125 40.014235,116.47042 40.01424,116.470951 40.01424,116.471536 40.01424,116.472217 40.014235),(116.472217 40.014235,116.472856 40.014235,116.475994 40.014208,116.476686 40.014213,116.477008 40.014213,116.477051 40.014213,116.477925 40.014197))",110000,20711,屏翠西路,由西向东,望京北路,广泽路北口,1679,45000
"MULTILINESTRING ((116.477925 40.014197,116.477051 40.014213,116.477008 40.014213,116.476686 40.014213,116.475994 40.014208,116.472856 40.014235),(116.467014 40.014262,116.464922 40.014262,116.462755 40.014278,116.462443 40.014246,116.462443 40.014187,116.462476 40.01336,116.462486 40.012953,116.462492 40.012845,116.462492 40.012566,116.462508 40.012207,116.462529 40.011622,116.46225 40.011628,116.461435 40.011617,116.461086 40.011595,116.460786 40.011553,116.460319 40.01144))",110000,20736,屏翠西路,由东向西,广泽路北口,屏翠西路,1270,45000
"MULTILINESTRING ((116.477925 40.014197,116.478226 40.014187,116.479239 40.014101,116.48013 40.013977,116.481074 40.0138,116.482345 40.01343,116.482877 40.013248,116.483874 40.012851,116.484727 40.012416,116.485108 40.012207,116.485135 40.012191,116.485205 40.012153),(116.485205 40.012153,116.485323 40.012078,116.486058 40.01159,116.486578 40.011204,116.487549 40.010346,116.487603 40.010297,116.488364 40.009498,116.488633 40.009219,116.489233 40.008656,116.489818 40.008034,116.490623 40.007202))",110000,20751,屏翠东路,由西向东,广泽路,溪阳东路,1380,45000
"LINESTRING (116.462969 40.006027,116.4657 40.006038,116.466456 40.006038,116.467357 40.006027)",110000,20753,北滨河路,由西向东,利泽西二路,广顺北大街,373,45000
"LINESTRING (116.467357 40.006027,116.466456 40.006038,116.4657 40.006038,116.462969 40.006027)",110000,20787,北滨河路,由东向西,广顺北大街,利泽西二路,373,45000
"LINESTRING (116.467239 40.008688,116.466359 40.008656,116.465265 40.008602,116.464106 40.00857,116.464042 40.008565,116.46291 40.008522,116.462798 40.008516,116.461676 40.008473,116.460641 40.00843,116.460512 40.008425,116.459987 40.008398,116.459541 40.008382,116.459187 40.008366,116.45842 40.008329,116.458291 40.008329)",110000,25341,利泽西街,由东向西,广顺北大街,望京西路北口,751,44000
"MULTILINESTRING ((116.478322 40.011595,116.478301 40.012207,116.478279 40.012808,116.478269 40.013039,116.478252 40.013425,116.478226 40.014187),(116.478108 40.016043,116.478113 40.016429,116.478081 40.017282,116.478049 40.017437,116.477995 40.017593,116.477914 40.017748))",110000,27285,广泽路辅路,由南向北,望京北路口,,477,45000
"MULTILINESTRING ((116.477662 40.017582,116.477737 40.017405,116.477775 40.017244,116.477802 40.016997,116.477829 40.016295,116.477823 40.016059),(116.477925 40.014197,116.478006 40.012207,116.478032 40.011595))",110000,27286,广泽路辅路,由北向南,,望京北路口,459,45000
"LINESTRING (116.453753 40.000856,116.453876 40.001001,116.454113 40.001221,116.454198 40.001296,116.454461 40.001478,116.454805 40.001671,116.455078 40.001805,116.455159 40.001843,116.455593 40.002063,116.455765 40.002149,116.45776 40.003141,116.45797 40.003211,116.459949 40.004214,116.46063 40.004541,116.461059 40.004686,116.461397 40.004772,116.461633 40.004809,116.462374 40.004863,116.462916 40.004879,116.463066 40.004885,116.464198 40.004901,116.465228 40.004895,116.466424 40.004906,116.4674 40.004928)",110000,32367,河荫西路,由西向东,,河荫中路西口,1264,44000
"LINESTRING (116.467395 40.005008,116.466445 40.004992,116.465222 40.004992,116.464123 40.004987,116.462958 40.004965,116.461784 40.004922,116.461462 40.004869,116.461108 40.004783,116.460807 40.004686,116.46055 40.004584,116.459906 40.004278,116.45797 40.003275,116.45776 40.003141,116.455765 40.002149,116.455593 40.002063,116.455159 40.001843,116.455078 40.001805,116.454805 40.001671,116.454461 40.001478,116.454198 40.001296,116.454113 40.001221,116.453876 40.001001,116.453753 40.000856)",110000,32368,河荫西路,由东向西,广顺北大街,,1278,44000
"MULTILINESTRING ((116.481074 40.0138,116.481042 40.013816,116.480135 40.013993,116.479239 40.014117),(116.479239 40.014117,116.478226 40.014213,116.477925 40.014197))",110000,32385,屏翠东路,由东向西,北五环出口,广泽路,272,45000
"LINESTRING (116.482635 40.005598,116.482689 40.004498,116.4827 40.004423,116.482732 40.003946,116.482742 40.003839,116.482748 40.00379,116.482753 40.003447,116.482759 40.003189,116.482748 40.003039,116.482614 40.002685,116.482474 40.002433,116.482013 40.001811)",110000,32400,宏泰东二路,由北向南,溪阳东路,宏泰东二路南口,421,45000
"MULTILINESTRING ((116.486546 39.999375,116.487635 40.000094,116.487694 40.000132,116.488568 40.000706),(116.489142 40.001081,116.489351 40.001221,116.489389 40.001248,116.489523 40.001344,116.490172 40.001789,116.490821 40.002213))",110000,32402,远安北二路,由西向东,宏泰东街,,414,45000
"LINESTRING (116.482013 40.001811,116.482474 40.002433,116.482614 40.002685,116.482748 40.003039,116.482759 40.003189,116.482753 40.003447,116.482748 40.00379,116.482742 40.003839,116.482732 40.003946,116.4827 40.004423,116.482689 40.004498,116.482635 40.005598)",110000,32403,宏泰东二路,由南向北,宏泰东二路南口,溪阳东路,421,45000
"LINESTRING (116.490821 40.002213,116.490172 40.001789,116.489523 40.001344,116.489389 40.001248,116.489351 40.001221,116.489142 40.001081,116.488568 40.000706,116.487694 40.000132,116.487635 40.000094,116.486546 39.999375)",110000,32404,远安北二路,由东向西,远安北二路北口,宏泰东街,478,45000
"LINESTRING (116.482179 39.997836,116.48183 39.998018,116.481214 39.998286,116.481181 39.998302,116.480843 39.99841,116.480463 39.998512,116.480103 39.998592,116.479728 39.998646,116.479202 39.998689,116.478987 39.998699,116.478682 39.998683,116.478478 39.998657,116.477995 39.998587,116.477652 39.998517,116.47718 39.998388,116.477051 39.998335,116.476632 39.998163,116.476337 39.998024,116.476021 39.997841,116.475736 39.997648,116.475404 39.99738,116.475329 39.997321,116.474551 39.996623,116.473929 39.996071,116.473703 39.995872,116.473467 39.995663,116.472539 39.994837,116.472378 39.994698,116.472357 39.994681,116.472057 39.994403,116.471059 39.993491,116.470705 39.993174,116.47049 39.992959,116.470356 39.992831)",110000,32406,阜通西大街,由东向西,阜通东大街,广顺南大街口,1259,44000
"LINESTRING (116.45753 39.992782,116.458313 39.992841,116.458544 39.992858,116.458844 39.99289,116.459751 39.993013,116.460636 39.993115,116.460732 39.993131,116.461344 39.993217,116.462744 39.993394)",110000,32408,湖光南街,由西向东,望京西路,南湖南路,448,45000
"LINESTRING (116.462744 39.993394,116.461344 39.993217,116.460732 39.993131,116.460636 39.993115,116.459751 39.993013,116.458844 39.99289,116.458544 39.992858,116.458313 39.992841,116.45753 39.992782)",110000,32409,湖光南街,由东向西,南湖南路,望京西路,448,45000
"LINESTRING (116.493541 39.99812,116.493391 39.99783,116.493278 39.997246,116.49309 39.996774,116.492854 39.996259,116.492613 39.995921,116.492516 39.995792,116.49205 39.995314,116.491706 39.994993,116.490596 39.993973,116.490328 39.993694,116.49014 39.99341,116.489963 39.993222,116.489244 39.99253)",110000,32415,望京东路,由北向南,,宏泰东街南口,729,45000
"LINESTRING (116.484963 40.000346,116.483499 39.999053,116.482227 39.997879)",110000,32416,阜安路,由北向南,阜安路东口,阜通西大街,359,44000
"LINESTRING (116.486396 40.001446,116.486599 40.001371,116.487023 40.001253,116.487136 40.001221,116.487586 40.001087,116.488568 40.000706,116.489051 40.000352,116.489373 40.000035,116.490178 39.998839,116.490204 39.998775,116.490456 39.998104,116.490537 39.997589,116.490553 39.997337,116.49043 39.99658,116.490242 39.995765)",110000,32418,望通路,由北向南,启阳路,远安南二路,789,45000
"LINESTRING (116.488439 39.996935,116.489314 39.997181,116.489727 39.997283,116.489915 39.997315,116.490183 39.997342,116.490553 39.997337,116.49154 39.997294,116.492275 39.997283,116.493278 39.997246)",110000,32419,远安南一路,由西向东,宏泰东街,远安南一路东口,418,45000
"LINESTRING (116.482399 39.997761,116.483633 39.998935,116.48367 39.998968,116.483821 39.999107,116.483971 39.999247,116.485092 40.000266)",110000,32420,阜安路,由南向北,阜通东大街,阜安路东口,355,44000
"LINESTRING (116.490242 39.995765,116.49043 39.99658,116.490553 39.997337,116.490537 39.997589,116.490456 39.998104,116.490204 39.998775,116.490178 39.998839,116.489373 40.000035,116.489051 40.000352,116.488568 40.000706,116.487586 40.001087,116.487136 40.001221,116.487023 40.001253,116.486599 40.001371,116.486396 40.001446)",110000,32421,望通路,由南向北,远安南二路,启阳路,789,45000
"LINESTRING (116.493031 39.999815,116.491755 39.999402,116.491047 39.999155,116.490178 39.998839,116.488289 39.998227,116.487839 39.99805)",110000,32422,远安路,由东向西,远安路北口,宏泰东街,484,44000
"LINESTRING (116.487892 39.997965,116.488938 39.998345,116.490204 39.998775,116.491063 39.999091,116.491899 39.999365,116.493069 39.999729)",110000,32423,远安路,由西向东,远安路路口,远安路北口,481,44000
"LINESTRING (116.453013 39.996167,116.451865 39.995953,116.451275 39.995846,116.450481 39.995652,116.449993 39.995513,116.449826 39.995459,116.449075 39.995234,116.448947 39.995196,116.448791 39.995159)",110000,38164,湖光中街,由东向西,南湖西园南路,,374,45000
"LINESTRING (116.462443 40.014288,116.460636 40.014283,116.460029 40.014192,116.459767 40.014127,116.459391 40.014009,116.459032 40.013849,116.458828 40.013741,116.458603 40.013596,116.458388 40.013435,116.458163 40.013232,116.458136 40.013199,116.458699 40.012733,116.459048 40.012438,116.459327 40.012207,116.460185 40.011494)",110000,38172,屏翠西路,由北向南,利泽西二路北口,望京北路,657,45000
"LINESTRING (116.491578 40.001441,116.491272 40.001242,116.491234 40.001221,116.4908 40.000952,116.490322 40.000647,116.489373 40.000035,116.488477 39.999515,116.488418 39.999483,116.488064 39.999268,116.487426 39.998887,116.487243 39.998769)",110000,38199,远安北一路,由东向西,,宏泰东街,471,45000
"LINESTRING (116.487243 39.998769,116.487426 39.998887,116.488064 39.999268,116.488418 39.999483,116.488477 39.999515,116.489373 40.000035,116.490322 40.000647,116.4908 40.000952,116.491234 40.001221,116.491272 40.001242,116.491578 40.001441)",110000,38203,远安北一路,由西向东,宏泰东街,,471,45000
"MULTILINESTRING ((116.473939 39.998233,116.47402 39.998077,116.475093 39.997353,116.475098 39.997272,116.475189 39.997165,116.475399 39.997053,116.475549 39.997074,116.476101 39.996725,116.476391 39.996532,116.476665 39.99643),(116.481047 39.993539,116.481219 39.99333,116.481584 39.993078,116.481788 39.992954,116.482399 39.992584,116.482388 39.99252,116.482399 39.992461,116.482442 39.992391,116.482506 39.992337,116.482592 39.9923,116.482705 39.992284,116.482807 39.992294,116.483338 39.99193,116.483778 39.991634,116.484212 39.991366,116.484529 39.991259))",110000,38204,望京街辅路,由西向东,,,715,45000
"LINESTRING (116.473526 39.990315,116.473644 39.990234,116.475061 39.98929,116.475522 39.988974,116.476348 39.9884,116.476938 39.988019,116.477051 39.987981,116.477292 39.987906,116.477582 39.987713,116.477684 39.987579,116.478698 39.986866,116.479148 39.986538,116.479191 39.986506,116.479325 39.986404,116.479454 39.986313,116.47954 39.986254,116.479915 39.986002,116.480414 39.98568,116.481085 39.985213,116.481187 39.985149,116.482244 39.984452,116.482388 39.984387,116.482587 39.984334)",110000,38205,广顺南大街辅路,由西向东,望花路北口,京密路,973,45000
"MULTILINESTRING ((116.481358 39.985498,116.47991 39.986501,116.479245 39.986962,116.478944 39.987166,116.478682 39.987354,116.478601 39.987407,116.477931 39.987831,116.47777 39.987879),(116.475956 39.989145,116.475543 39.989462,116.475452 39.989526,116.474363 39.990234,116.473768 39.990615,116.472716 39.991313,116.47262 39.991377,116.471477 39.992144,116.470935 39.992493,116.470458 39.992772))",110000,38206,广顺南大街辅路,由东向西,花家地东路北口,广顺南大街口,997,45000
"LINESTRING (116.493278 39.997246,116.492275 39.997283,116.49154 39.997294,116.490553 39.997337,116.490183 39.997342,116.489915 39.997315,116.489727 39.997283,116.489314 39.997181,116.488439 39.996935)",110000,38212,远安南一路,由东向西,望京东路,宏泰东街,418,45000
"LINESTRING (116.488772 39.995754,116.489469 39.995787,116.490242 39.995765,116.49088 39.99547,116.491706 39.994993)",110000,38213,远安南二路,由西向东,阜安东路东口,望京东路,276,45000
"LINESTRING (116.493069 39.999729,116.493321 39.999171,116.493423 39.99841,116.493391 39.99783)",110000,38214,望京东路,由北向南,远安路北口,,215,45000
"LINESTRING (116.491706 39.994993,116.49088 39.99547,116.490242 39.995765,116.489469 39.995787,116.488772 39.995754)",110000,38216,远安南二路,由东向西,望京东路,阜安东路东口,276,45000
"LINESTRING (116.461558 39.976839,116.462122 39.977354,116.462159 39.977435,116.462417 39.97773,116.462465 39.977832,116.462486 39.977998,116.462481 39.978063,116.462497 39.97847,116.462561 39.978572,116.462561 39.978637,116.462454 39.97891,116.462283 39.979248,116.462159 39.979484)",110000,38518,宜居西路,由南向北,北四环东路辅路,,323,45000
